t,x,y,z,a,
9.16E+13,0.10534488,-0.5482722,0.14604631,3,acc
9.16E+13,0.07182605,-0.011971008,-0.055066638,3,acc
9.16E+13,0.06464344,-0.045489833,-0.02873042,3,acc
9.16E+13,0.11252748,0.079008654,-0.002394202,3,acc
9.16E+13,-0.023942016,0.011971008,-0.009576807,3,acc
9.16E+13,0.035913024,-0.10055647,-0.06464344,3,acc
9.16E+13,0.01436521,-0.04309563,-0.019153614,3,acc
9.16E+13,0.047884032,-0.004788403,-0.009576807,3,acc
9.16E+13,0.05746084,0.088585466,-0.016759412,3,acc
9.16E+13,-0.031124622,-0.1388637,0.019153614,3,acc
9.16E+13,0.009576807,-0.002394202,-0.045489833,3,acc
9.16E+13,-0.009576807,-0.007182605,0.01436521,3,acc
9.16E+13,-0.023942016,0.090979666,-0.01436521,3,acc
9.16E+13,-0.01436521,0.07182605,-0.062249243,3,acc
9.16E+13,0.031124622,-0.047884032,-0.062249243,3,acc
9.16E+13,-0.02633622,-0.062249243,0.01436521,3,acc
9.16E+13,0.009576807,0.031124622,0.02633622,3,acc
9.16E+13,-0.01436521,0.10534488,0,3,acc
9.16E+13,0.059855044,-0.011971008,-0.062249243,3,acc
9.16E+13,0.021547815,0.038307227,0.045489833,3,acc
9.16E+13,-0.023942016,-0.002394202,-0.031124622,3,acc
9.16E+13,0.02633622,0.009576807,-0.050278235,3,acc
9.16E+13,-0.002394202,-0.038307227,-0.031124622,3,acc
9.16E+13,0.02633622,0.04309563,-0.02873042,3,acc
9.16E+13,-0.002394202,-0.02873042,-0.088585466,3,acc
9.16E+13,0,-0.062249243,-0.023942016,3,acc
9.16E+13,0.07182605,0.011971008,-0.011971008,3,acc
9.16E+13,0.06464344,0,0.02873042,3,acc
9.16E+13,0.06464344,0.05746084,-0.019153614,3,acc
9.16E+13,0.059855044,0.062249243,-0.033518825,3,acc
9.16E+13,0.045489833,-0.009576807,0.02873042,3,acc
9.16E+13,0.035913024,0.002394202,0.016759412,3,acc
9.16E+13,0.10055647,-0.035913024,-0.002394202,3,acc
9.16E+13,0.01436521,-0.045489833,-0.011971008,3,acc
9.16E+13,0,0,0,3,acc
9.16E+13,0.004788403,-0.06464344,-0.088585466,3,acc
9.16E+13,-0.007182605,0.088585466,-0.023942016,3,acc
9.16E+13,0.01436521,-0.019153614,-0.06464344,3,acc
9.16E+13,0.06943185,-0.1340753,-0.019153614,3,acc
9.16E+13,0.050278235,0.050278235,0.011971008,3,acc
9.16E+13,0.02873042,0.004788403,-0.045489833,3,acc
9.16E+13,0.076614454,-0.04070143,0.01436521,3,acc
9.16E+13,0.04309563,-0.033518825,-0.031124622,3,acc
9.16E+13,0.08140286,-0.016759412,-0.079008654,3,acc
9.16E+13,-0.02633622,-0.062249243,0,3,acc
9.16E+13,-0.009576807,0.002394202,0.033518825,3,acc
9.16E+13,0.02633622,-0.019153614,-0.047884032,3,acc
9.16E+13,0.021547815,0,-0.047884032,3,acc
9.16E+13,-0.079008654,0.004788403,-0.02873042,3,acc
9.16E+13,-0.090979666,0.05746084,0,3,acc
9.16E+13,0.05267244,0.007182605,-0.07182605,3,acc
9.16E+13,0.023942016,-0.062249243,-0.06703765,3,acc
9.16E+13,0.06703765,-0.007182605,0.011971008,3,acc
9.16E+13,0.033518825,0.016759412,-0.035913024,3,acc
9.16E+13,-0.01436521,-0.023942016,-0.06703765,3,acc
9.16E+13,0.050278235,-0.038307227,-0.06943185,3,acc
9.16E+13,-0.08379706,0.02633622,-0.02873042,3,acc
9.16E+13,0.007182605,0.05267244,-0.011971008,3,acc
9.16E+13,-0.10534488,0.033518825,0.04070143,3,acc
9.16E+13,-0.04070143,0.004788403,0.038307227,3,acc
9.16E+13,0.055066638,-0.007182605,-0.002394202,3,acc
9.16E+13,0.02633622,0.059855044,-0.05267244,3,acc
9.16E+13,0.019153614,-0.007182605,-0.05267244,3,acc
9.16E+13,0.088585466,-0.038307227,0.045489833,3,acc
9.16E+13,0.02633622,0.033518825,-0.050278235,3,acc
9.16E+13,-0.04309563,0.074220255,0.019153614,3,acc
9.16E+13,0.045489833,0.016759412,-0.079008654,3,acc
9.16E+13,0.06464344,-0.009576807,-0.023942016,3,acc
9.16E+13,-0.002394202,0.011971008,-0.02633622,3,acc
9.16E+13,-0.016759412,0.033518825,-0.019153614,3,acc
9.16E+13,-0.019153614,-0.045489833,-0.095768064,3,acc
9.16E+13,-0.023942016,-0.02633622,-0.08379706,3,acc
9.16E+13,0.009576807,0.016759412,-0.074220255,3,acc
9.16E+13,-0.047884032,0.007182605,-0.05746084,3,acc
9.16E+13,-0.02633622,0.02873042,0.009576807,3,acc
9.16E+13,0,0.04309563,0.050278235,3,acc
9.16E+13,0.1316811,0.08619126,0.004788403,3,acc
9.16E+13,0.12449849,-0.07182605,-0.023942016,3,acc
9.16E+13,0.06943185,0.021547815,0.04070143,3,acc
9.16E+13,0.076614454,0.107739076,0.01436521,3,acc
9.16E+13,0.05267244,-0.05267244,-0.04070143,3,acc
9.16E+13,-0.011971008,-0.047884032,-0.06943185,3,acc
9.16E+13,0.04070143,0.088585466,0,3,acc
9.16E+13,0,0.045489833,-0.009576807,3,acc
9.16E+13,-0.004788403,-0.019153614,-0.074220255,3,acc
9.16E+13,-0.02633622,0,-0.02873042,3,acc
9.16E+13,0.011971008,-0.050278235,-0.002394202,3,acc
9.16E+13,-0.009576807,-0.04070143,-0.007182605,3,acc
9.16E+13,-0.04070143,0.050278235,-0.04309563,3,acc
9.16E+13,0.023942016,0.016759412,-0.047884032,3,acc
9.16E+13,-0.01436521,-0.045489833,-0.009576807,3,acc
9.16E+13,0.01436521,-0.04070143,0.016759412,3,acc
9.16E+13,0,-0.06703765,-0.02633622,3,acc
9.16E+13,0.002394202,0.05267244,-0.079008654,3,acc
9.16E+13,0.011971008,0.1316811,-0.07182605,3,acc
9.16E+13,-0.031124622,-0.079008654,-0.050278235,3,acc
9.16E+13,-0.02873042,-0.088585466,-0.01436521,3,acc
9.16E+13,0.002394202,0.11252748,-0.016759412,3,acc
9.16E+13,0.074220255,0.04309563,-0.07182605,3,acc
9.16E+13,0.074220255,-0.023942016,-0.045489833,3,acc
9.16E+13,0.062249243,-0.088585466,0.023942016,3,acc
9.16E+13,0.059855044,0.050278235,-0.023942016,3,acc
9.16E+13,0.031124622,-0.016759412,-0.04070143,3,acc
9.16E+13,0.023942016,0.05267244,-0.02633622,3,acc
9.16E+13,0.002394202,0,-0.02633622,3,acc
9.16E+13,-0.023942016,-0.033518825,-0.004788403,3,acc
9.16E+13,-0.045489833,0.007182605,-0.023942016,3,acc
9.16E+13,-0.06943185,-0.24181437,-0.36152446,3,acc
9.16E+13,0.02873042,0.08140286,0.088585466,3,acc
9.16E+13,-0.050278235,0.09816227,-0.038307227,3,acc
9.16E+13,0.016759412,-0.06703765,-0.074220255,3,acc
9.16E+13,0.093373865,-0.002394202,0.088585466,3,acc
9.16E+13,-0.050278235,-0.019153614,-0.076614454,3,acc
9.16E+13,0.08140286,0.016759412,-0.033518825,3,acc
9.16E+13,-0.011971008,-0.033518825,-0.002394202,3,acc
9.16E+13,-0.016759412,-0.011971008,-0.04070143,3,acc
9.16E+13,0.02633622,-0.095768064,0.02873042,3,acc
9.16E+13,0.06464344,0.04070143,-0.019153614,3,acc
9.16E+13,-0.074220255,-0.05746084,-0.004788403,3,acc
9.16E+13,-0.059855044,0.10295067,0.016759412,3,acc
9.16E+13,-0.009576807,0.05746084,0.009576807,3,acc
9.16E+13,0.007182605,-0.06703765,-0.076614454,3,acc
9.16E+13,0.047884032,0.007182605,0.016759412,3,acc
9.16E+13,0.011971008,0.093373865,-0.004788403,3,acc
9.16E+13,0.02633622,0.004788403,-0.07182605,3,acc
9.16E+13,0.10295067,-0.110133275,-0.023942016,3,acc
9.16E+13,0.062249243,0.045489833,-0.002394202,3,acc
9.16E+13,-0.088585466,-0.04309563,-0.06703765,3,acc
9.16E+13,-0.007182605,-0.002394202,0.107739076,3,acc
9.16E+13,0.023942016,0.110133275,-0.055066638,3,acc
9.16E+13,0.055066638,-0.021547815,-0.035913024,3,acc
9.16E+13,0.093373865,0.009576807,-0.04070143,3,acc
9.16E+13,0.019153614,0,0.004788403,3,acc
9.16E+13,-0.055066638,0.055066638,0.01436521,3,acc
9.16E+13,-0.01436521,0.06703765,0.023942016,3,acc
9.16E+13,0.10055647,0.023942016,-0.062249243,3,acc
9.16E+13,0.009576807,0.06464344,0.033518825,3,acc
9.16E+13,0.023942016,0.08619126,-0.06464344,3,acc
9.16E+13,0,-0.023942016,-0.011971008,3,acc
9.16E+13,0.01436521,-0.019153614,0.050278235,3,acc
9.16E+13,0.035913024,0.04309563,-0.04070143,3,acc
9.16E+13,0.035913024,-0.019153614,0,3,acc
9.16E+13,-0.04070143,-0.02633622,0.02633622,3,acc
9.16E+13,0.002394202,-0.019153614,-0.007182605,3,acc
9.16E+13,-0.007182605,0.06943185,-0.050278235,3,acc
9.16E+13,-0.007182605,0.16759412,-0.011971008,3,acc
9.16E+13,0.002394202,0.035913024,-0.035913024,3,acc
9.16E+13,-0.011971008,0.023942016,-0.04070143,3,acc
9.16E+13,-0.011971008,-0.016759412,-0.09816227,3,acc
9.16E+13,-0.02633622,-0.09816227,-0.08140286,3,acc
9.16E+13,-0.16280572,-0.093373865,-0.035913024,3,acc
9.16E+13,-0.11252748,-0.093373865,-0.08379706,3,acc
9.16E+13,-0.05746084,0.05746084,-0.1436521,3,acc
9.16E+13,-0.038307227,0.011971008,-0.06703765,3,acc
9.16E+13,-0.02633622,-0.011971008,-0.021547815,3,acc
9.16E+13,0.038307227,0.007182605,-0.02633622,3,acc
9.16E+13,0.038307227,0.002394202,-0.06464344,3,acc
9.16E+13,0.04070143,-0.062249243,0.004788403,3,acc
9.16E+13,0.074220255,0.055066638,0.10055647,3,acc
9.16E+13,0.047884032,0.035913024,0.021547815,3,acc
9.16E+13,0.021547815,0.045489833,0.021547815,3,acc
9.16E+13,0.021547815,0.035913024,-0.016759412,3,acc
9.16E+13,-0.07182605,-0.079008654,-0.038307227,3,acc
9.16E+13,-0.055066638,-0.10055647,-0.045489833,3,acc
9.16E+13,-0.06703765,-0.088585466,-0.05267244,3,acc
9.17E+13,-0.12210429,-0.17717093,0.002394202,3,acc
9.17E+13,-0.17956513,-0.09816227,-0.14844051,3,acc
9.17E+13,-0.17238252,0.055066638,-0.2657564,3,acc
9.17E+13,-0.22984336,0.01436521,-0.021547815,3,acc
9.17E+13,-0.25378537,-0.2896984,0.272939,3,acc
9.17E+13,-0.36631286,-0.4237737,0.35913026,3,acc
9.17E+13,-0.035913024,-0.44532153,0.20350714,3,acc
9.17E+13,0.37110126,-0.18195933,-0.09816227,3,acc
9.17E+13,0.050278235,-0.04070143,0.055066638,3,acc
9.17E+13,-0.7182605,-0.4165911,0.7182605,3,acc
9.17E+13,-0.7613561,-0.46447513,0.9552865,3,acc
9.17E+13,-0.074220255,-0.45489833,0.9504981,3,acc
9.17E+13,-0.25378537,0.33039984,0.22026655,3,acc
9.17E+13,-0.30645782,0.49559975,-0.079008654,3,acc
9.17E+13,-0.34715924,0.9983821,-0.48841715,3,acc
9.17E+13,0.002394202,0.8882488,-0.5291186,3,acc
9.17E+13,0.4429273,0.79248077,-0.2681506,3,acc
9.17E+13,0.045489833,0.21787235,0.107739076,3,acc
9.17E+13,0.5363012,0.4333505,0.37110126,3,acc
9.17E+13,0.63206923,0.78529817,0.49559975,3,acc
9.17E+13,-0.009576807,0.3878607,0.33518824,3,acc
9.17E+13,-0.08379706,0.107739076,0.5243302,3,acc
9.17E+13,0.46926352,0.038307227,1.151611,3,acc
9.17E+13,0.1388637,0.5770026,1.376666,3,acc
9.17E+13,-0.01436521,0.16280572,1.0127473,3,acc
9.17E+13,0.12689269,-0.29927522,0.6727707,3,acc
9.17E+13,0.35673606,-0.37828386,1.0773908,3,acc
9.17E+13,0.5434838,-0.21308395,1.6280571,3,acc
9.17E+13,-0.2825158,-0.581791,1.2306197,3,acc
9.17E+13,0.08379706,-0.33997664,0.8714894,3,acc
9.17E+13,-0.7302315,-0.076614454,1.0271125,3,acc
9.17E+13,-1.7022774,-0.6607997,0.5722142,3,acc
9.17E+13,-2.693477,-1.7980455,1.412579,3,acc
9.17E+13,-3.9217024,-2.4229321,2.195483,3,acc
9.17E+13,-4.510676,-1.1755531,2.554613,3,acc
9.17E+13,-5.118803,-1.4077905,1.3359646,3,acc
9.17E+13,-7.117962,-2.731784,1.0271125,3,acc
9.17E+13,-6.493075,-1.5658079,-1.0702082,3,acc
9.17E+13,-5.1810527,-1.3551182,-2.8491,3,acc
9.17E+13,-4.6112323,-2.5330653,-2.8658595,3,acc
9.17E+13,-3.5553896,-2.147599,-1.3838485,3,acc
9.17E+13,-1.6567876,-0.49799395,-1.1659763,3,acc
9.17E+13,-1.3934253,0.7781156,-1.1492168,3,acc
9.17E+13,-2.0709844,1.7118542,-1.8986019,3,acc
9.17E+13,-0.9696517,2.2409728,-2.5474305,3,acc
9.17E+13,2.2050598,3.1148565,-2.5474305,3,acc
9.17E+13,1.3479356,3.8067808,-3.4021606,3,acc
9.17E+13,0.29688102,4.0174704,-4.5657425,3,acc
9.17E+13,1.1683705,3.8379054,-6.030994,3,acc
9.17E+13,-1.1228806,3.3806129,-6.253655,3,acc
9.17E+13,-2.420538,2.3894134,-6.5218053,3,acc
9.17E+13,-1.3790601,3.1962593,-6.9288197,3,acc
9.17E+13,-1.7549498,4.9057193,-7.1945763,3,acc
9.17E+13,-3.4356794,4.793192,-6.6175733,3,acc
9.17E+13,-4.027047,3.6128504,-7.40766,3,acc
9.17E+13,-1.3120226,2.954445,-6.50744,3,acc
9.17E+13,-1.2042835,3.6583402,-5.0158525,3,acc
9.17E+13,-1.934515,3.311181,-3.904943,3,acc
9.17E+13,0.023942016,3.5865142,-3.2872388,3,acc
9.17E+13,2.2098482,4.570531,-4.292804,3,acc
9.17E+13,2.56419,4.1012673,-4.259285,3,acc
9.17E+13,3.406949,1.5801731,-2.1930888,3,acc
9.17E+13,10.563218,-0.9672575,-1.9249382,3,acc
9.17E+13,9.31105,-0.29688102,-2.7581203,3,acc
9.17E+13,4.4699745,2.566584,-3.5170822,3,acc
9.17E+13,1.3742718,4.7189717,-3.8953662,3,acc
9.17E+13,-1.8243817,2.4229321,-3.8426938,3,acc
9.17E+13,-3.3183637,0.7038953,-2.5953147,3,acc
9.17E+13,-2.7988217,-0.059855044,-1.2737153,3,acc
9.17E+13,-1.5131354,-0.33039984,0.4165911,3,acc
9.17E+13,-0.50996494,-0.81163436,1.6831238,3,acc
9.17E+13,-0.110133275,-2.2002714,1.910573,3,acc
9.17E+13,-0.50517654,-1.7070658,1.9632454,3,acc
9.17E+13,-1.0462662,-0.7445967,1.2880806,3,acc
9.17E+13,-0.7230489,-0.45729253,0.46686932,3,acc
9.17E+13,-0.38307226,-0.79487497,0.107739076,3,acc
9.17E+13,-0.11971009,-0.2777274,0.25378537,3,acc
9.17E+13,-0.059855044,-0.095768064,0.6847417,3,acc
9.17E+13,0.12210429,-1.2354081,2.0254946,3,acc
9.17E+13,0.12449849,-6.859388,3.9959226,3,acc
9.17E+13,-1.9560628,-5.631162,3.6535518,3,acc
9.17E+13,-0.8858546,-0.35673606,1.2785037,3,acc
9.17E+13,-0.25378537,0.7589619,0.35194764,3,acc
9.17E+13,-0.41180268,0.21068975,0,3,acc
9.17E+13,-0.16759412,0.1604115,-0.01436521,3,acc
9.17E+13,0.4333505,0.35673606,-0.35434186,3,acc
9.17E+13,0.2777274,0.4261679,-0.11492168,3,acc
9.17E+13,-0.22984336,0.004788403,0.62249243,3,acc
9.17E+13,-0.4309563,-0.4165911,1.1228806,3,acc
9.17E+13,-0.4381389,-0.12689269,1.0821792,3,acc
9.17E+13,-0.20590134,0.33758244,0.51714754,3,acc
9.17E+13,0.009576807,0.5770026,-0.10295067,3,acc
9.17E+13,0.23702596,0.5530606,-0.40940848,3,acc
9.17E+13,0.21787235,0.3184288,-0.32561144,3,acc
9.17E+13,0.1412579,0.20111294,-0.12449849,3,acc
9.17E+13,0.031124622,0.2753332,0.02873042,3,acc
9.17E+13,-0.076614454,0.4309563,0.007182605,3,acc
9.17E+13,-0.06464344,0.581791,0.11252748,3,acc
9.17E+13,-0.045489833,0.5243302,0.20590134,3,acc
9.17E+13,-0.05267244,0.33279404,0.19632454,3,acc
9.17E+13,-0.02873042,0.08619126,0.29209262,3,acc
9.17E+13,0.04070143,-0.08140286,0.36152446,3,acc
9.17E+13,0.079008654,-0.110133275,0.30885202,3,acc
9.17E+13,0.050278235,-0.2753332,0.22505496,3,acc
9.17E+13,0.110133275,-0.25617957,0.1604115,3,acc
9.17E+13,0.074220255,-0.110133275,0.16998832,3,acc
9.17E+13,0.12449849,-0.110133275,0.04309563,3,acc
9.17E+13,0.11492168,-0.06943185,0.1436521,3,acc
9.17E+13,0.07182605,-0.01436521,0.11731588,3,acc
9.17E+13,0.076614454,0.009576807,0.062249243,3,acc
9.17E+13,0.17238252,0.009576807,0.050278235,3,acc
9.17E+13,0.12210429,0.11252748,0.15322891,3,acc
9.17E+13,0.08379706,0.076614454,0.29688102,3,acc
9.17E+13,0,0.02633622,0.2657564,3,acc
9.17E+13,-0.004788403,0.093373865,0.19871874,3,acc
9.17E+13,-0.016759412,0.095768064,0.110133275,3,acc
9.17E+13,0.05746084,0.02633622,0.050278235,3,acc
9.17E+13,0.08379706,-0.011971008,0.09816227,3,acc
9.17E+13,0.04070143,0.090979666,0.15562311,3,acc
9.17E+13,0.035913024,0.05746084,0.18195933,3,acc
9.17E+13,-0.047884032,-0.04070143,0.19393034,3,acc
9.17E+13,0.05267244,-0.047884032,0.12449849,3,acc
9.17E+13,0.12689269,-0.011971008,0.090979666,3,acc
9.17E+13,0.10295067,0.023942016,0.062249243,3,acc
9.17E+13,0.04309563,0.038307227,0.20111294,3,acc
9.17E+13,0.05267244,0.007182605,0.25857377,3,acc
9.17E+13,0.08379706,-0.01436521,0.1604115,3,acc
9.17E+13,0.06943185,-0.05746084,0.1412579,3,acc
9.17E+13,0.05267244,-0.035913024,0.12210429,3,acc
9.17E+13,0.10534488,0.1364695,0.07182605,3,acc
9.17E+13,0.1412579,0.055066638,0.009576807,3,acc
9.17E+13,0.08140286,0.011971008,0.1364695,3,acc
9.17E+13,0.08379706,-0.055066638,0.11971009,3,acc
9.17E+13,0.009576807,-0.08379706,0.07182605,3,acc
9.17E+13,0.06464344,0.01436521,0.14844051,3,acc
9.17E+13,0.088585466,-0.035913024,0.10534488,3,acc
9.17E+13,-0.007182605,-0.004788403,0.09816227,3,acc
9.17E+13,0.050278235,0.035913024,0.1412579,3,acc
9.17E+13,0.11492168,0,0.20829555,3,acc
9.17E+13,0.038307227,-0.009576807,0.19393034,3,acc
9.17E+13,-0.02873042,0.062249243,0.29448682,3,acc
9.17E+13,0.047884032,0.07182605,0.18435353,3,acc
9.17E+13,0.1340753,0.033518825,0.16998832,3,acc
9.17E+13,0.08140286,0.107739076,0.1388637,3,acc
9.17E+13,0.062249243,0.04070143,0.088585466,3,acc
9.17E+13,0.06943185,0.033518825,0.17238252,3,acc
9.17E+13,0.088585466,-0.062249243,0.14604631,3,acc
9.17E+13,0.076614454,-0.074220255,0.059855044,3,acc
9.17E+13,0.15562311,0.002394202,0.10055647,3,acc
9.17E+13,0.10295067,0.011971008,0.059855044,3,acc
9.17E+13,0.088585466,0.1364695,0.11492168,3,acc
9.17E+13,0.059855044,0.11971009,0.16998832,3,acc
9.17E+13,0.06943185,0.12449849,0.19871874,3,acc
9.17E+13,0.04309563,-0.002394202,0.1364695,3,acc
9.17E+13,0.062249243,-0.002394202,0.090979666,3,acc
9.17E+13,0.12689269,0.10295067,0.11252748,3,acc
9.17E+13,0.107739076,-0.033518825,0.07182605,3,acc
9.17E+13,0.15801731,-0.035913024,0.050278235,3,acc
9.17E+13,0.10055647,0.02633622,0.062249243,3,acc
9.17E+13,0.093373865,0.1340753,0.1364695,3,acc
9.17E+13,0.06464344,0.16519992,0.050278235,3,acc
9.17E+13,0.10534488,0.11492168,-0.004788403,3,acc
9.17E+13,0.11492168,0.14604631,-0.045489833,3,acc
9.17E+13,0.19632454,0.004788403,0.021547815,3,acc
9.17E+13,0.17238252,0.016759412,0.10055647,3,acc
9.17E+13,0.038307227,-0.10055647,0.11731588,3,acc
9.17E+13,-0.002394202,-0.18435353,0.17238252,3,acc
9.17E+13,0.1364695,-0.33997664,0.19632454,3,acc
9.17E+13,0.12449849,-0.20350714,0.1340753,3,acc
9.17E+13,0.15322891,-0.22026655,0.20829555,3,acc
9.17E+13,0.08140286,-0.095768064,0.35194764,3,acc
9.17E+13,0.076614454,0.05267244,0.2633622,3,acc
9.17E+13,0.06943185,0.15801731,0.110133275,3,acc
9.17E+13,0.090979666,0.28491,0,3,acc
9.17E+13,0.15801731,0.40222588,-0.016759412,3,acc
9.17E+13,0.11492168,0.4213795,-0.021547815,3,acc
9.17E+13,0.18674773,0.44771573,0.04309563,3,acc
9.17E+13,0.10534488,0.3878607,0.20590134,3,acc
9.17E+13,0.06943185,0.34237084,0.21068975,3,acc
9.17E+13,0.007182605,0.272939,0.076614454,3,acc
9.17E+13,0.088585466,0.22744916,-0.074220255,3,acc
9.17E+13,0.19632454,0.035913024,-0.1340753,3,acc
9.17E+13,0.20590134,-0.15322891,-0.23942018,3,acc
9.17E+13,0.21547815,-0.25378537,-0.2801216,3,acc
9.17E+13,0.22505496,-0.2705448,-0.2633622,3,acc
9.17E+13,0.16519992,-0.4357447,0.1388637,3,acc
9.17E+13,0.095768064,-0.7062895,0.29448682,3,acc
9.17E+13,0.074220255,-0.7541735,0.2801216,3,acc
9.17E+13,-0.02873042,-0.5793968,0.260968,3,acc
9.17E+13,0.016759412,-0.36152446,0.40701428,3,acc
9.17E+13,0.076614454,-0.16998832,0.5267244,3,acc
9.17E+13,0.050278235,0.04309563,0.39264908,3,acc
9.17E+13,0.050278235,0.31603462,-0.05267244,3,acc
9.17E+13,0.062249243,0.49559975,-0.24899697,3,acc
9.17E+13,0.18435353,0.59376204,-0.1388637,3,acc
9.17E+13,0.1604115,0.6919243,0.08619126,3,acc
9.17E+13,0.045489833,0.58657944,0.11252748,3,acc
9.17E+13,-0.045489833,0.50757074,-0.090979666,3,acc
9.17E+13,0.021547815,0.24420857,-0.107739076,3,acc
9.17E+13,0.16759412,-0.10055647,0.10295067,3,acc
9.17E+13,0.12449849,-0.4333505,0.25857377,3,acc
9.17E+13,0.1604115,-0.58418524,0.260968,3,acc
9.17E+13,0.016759412,-0.32321724,0.09816227,3,acc
9.17E+13,0.031124622,-0.18435353,0.019153614,3,acc
9.17E+13,0.019153614,-0.050278235,0.12689269,3,acc
9.17E+13,0.05746084,-0.01436521,0.2633622,3,acc
9.17E+13,0.08140286,-0.17717093,0.28491,3,acc
9.17E+13,0.05267244,-0.09816227,0.272939,3,acc
9.17E+13,0.80924016,1.1923125,-1.6376339,3,acc
9.17E+13,0.33279404,0.5722142,-1.2018893,3,acc
9.17E+13,0.36631286,0.4237737,-0.82121116,3,acc
9.17E+13,0.6871359,0.7230489,-0.5722142,3,acc
9.17E+13,1.0247183,0.6727707,0.1316811,3,acc
9.17E+13,0.9816227,0.095768064,0.61291564,3,acc
t,x,y,z,a,
9.16E+13,-4.8386817,-5.4444146,6.4978633,3,acg
9.16E+13,-4.8147397,-5.6215854,6.4499793,3,acg
9.16E+13,-4.7644615,-5.5258174,6.5385647,3,acg
9.16E+13,-4.7764325,-5.4803276,6.531382,3,acg
9.16E+13,-4.735731,-5.559336,6.5146227,3,acg
9.16E+13,-4.7165775,-5.559336,6.531382,3,acg
9.16E+13,-4.8386817,-5.556942,6.55293,3,acg
9.16E+13,-4.759673,-5.4324436,6.495469,3,acg
9.16E+13,-4.817134,-5.602432,6.483498,3,acg
9.16E+13,-4.7381253,-5.614403,6.5218053,3,acg
9.16E+13,-4.7500963,-5.547365,6.495469,3,acg
9.16E+13,-4.7620673,-5.4300494,6.531382,3,acg
9.16E+13,-4.8147397,-5.523423,6.495469,3,acg
9.16E+13,-4.8027687,-5.535394,6.471527,3,acg
9.16E+13,-4.7046065,-5.571307,6.4739213,3,acg
9.16E+13,-4.795586,-5.6215854,6.50744,3,acg
9.16E+13,-4.817134,-5.559336,6.4882865,3,acg
9.16E+13,-4.697424,-5.5042696,6.471527,3,acg
9.16E+13,-4.6950297,-5.485116,6.5026517,3,acg
9.16E+13,-4.84347,-5.5401826,6.5696893,3,acg
9.16E+13,-4.759673,-5.5282116,6.5026517,3,acg
9.16E+13,-4.747702,-5.509058,6.481104,3,acg
9.16E+13,-4.7979803,-5.4324436,6.4499793,3,acg
9.16E+13,-4.829105,-5.5401826,6.4858923,3,acg
9.16E+13,-4.771644,-5.5042696,6.5337763,3,acg
9.16E+13,-4.757279,-5.482722,6.469133,3,acg
9.16E+13,-4.6686935,-5.5258174,6.567295,3,acg
9.16E+13,-4.8099513,-5.427655,6.567295,3,acg
9.16E+13,-4.7524905,-5.463568,6.579266,3,acg
9.16E+13,-4.7285485,-5.542577,6.5481415,3,acg
9.16E+13,-4.7405195,-5.535394,6.540959,3,acg
9.16E+13,-4.6950297,-5.5138464,6.5265937,3,acg
9.16E+13,-4.709395,-5.461174,6.5696893,3,acg
9.16E+13,-4.6926355,-5.57849,6.540959,3,acg
9.16E+13,-4.7979803,-5.5258174,6.531382,3,acg
9.16E+13,-4.7907977,-5.5042696,6.495469,3,acg
9.16E+13,-4.8147397,-5.5377884,6.4523735,3,acg
9.16E+13,-4.644751,-5.57849,6.5241995,3,acg
9.16E+13,-4.7141833,-5.559336,6.531382,3,acg
9.16E+13,-4.699818,-5.4204726,6.5481415,3,acg
9.16E+13,-4.709395,-5.5521536,6.528988,3,acg
9.16E+13,-4.72376,-5.5401826,6.5002575,3,acg
9.16E+13,-4.6830587,-5.57849,6.4739213,3,acg
9.16E+13,-4.6926355,-5.6239796,6.4858923,3,acg
9.16E+13,-4.7046065,-5.470751,6.5218053,3,acg
9.16E+13,-4.757279,-5.533,6.495469,3,acg
9.16E+13,-4.7381253,-5.6215854,6.519411,3,acg
9.16E+13,-4.7764325,-5.6000376,6.469133,3,acg
9.16E+13,-4.7500963,-5.5617304,6.5265937,3,acg
9.16E+13,-4.687847,-5.544971,6.483498,3,acg
9.16E+13,-4.6950297,-5.547365,6.459556,3,acg
9.16E+13,-4.7261543,-5.6215854,6.4619503,3,acg
9.16E+13,-4.733337,-5.6096144,6.4978633,3,acg
9.16E+13,-4.781221,-5.5042696,6.5026517,3,acg
9.16E+13,-4.673482,-5.616797,6.505046,3,acg
9.16E+13,-4.721366,-5.638345,6.4380083,3,acg
9.16E+13,-4.709395,-5.5497594,6.519411,3,acg
9.16E+13,-4.7644615,-5.4563856,6.567295,3,acg
9.16E+13,-4.699818,-5.5018754,6.5457473,3,acg
9.16E+13,-4.7381253,-5.4899044,6.50744,3,acg
9.16E+13,-4.759673,-5.595249,6.4739213,3,acg
9.16E+13,-4.7429137,-5.5401826,6.5122285,3,acg
9.16E+13,-4.7907977,-5.544971,6.5122285,3,acg
9.16E+13,-4.733337,-5.6000376,6.5505357,3,acg
9.16E+13,-4.7189717,-5.451597,6.5218053,3,acg
9.16E+13,-4.733337,-5.5377884,6.564901,3,acg
9.16E+13,-4.6902413,-5.590461,6.469133,3,acg
9.16E+13,-4.6950297,-5.535394,6.5361705,3,acg
9.16E+13,-4.7046065,-5.518635,6.4787097,3,acg
9.16E+13,-4.745308,-5.5401826,6.4164605,3,acg
9.16E+13,-4.7788267,-5.556942,6.43322,3,acg
9.16E+13,-4.7764325,-5.547365,6.435614,3,acg
9.16E+13,-4.8482585,-5.5377884,6.4404025,3,acg
9.16E+13,-4.7620673,-5.4779334,6.4619503,3,acg
9.16E+13,-4.853047,-5.4563856,6.540959,3,acg
9.16E+13,-4.7141833,-5.521029,6.5026517,3,acg
9.16E+13,-4.7022123,-5.556942,6.50744,3,acg
9.16E+13,-4.6519337,-5.6000376,6.5122285,3,acg
9.16E+13,-4.7285485,-5.4420204,6.5625067,3,acg
9.16E+13,-4.6686935,-5.523423,6.5577183,3,acg
9.16E+13,-4.8123455,-5.638345,6.493075,3,acg
9.16E+13,-4.759673,-5.5617304,6.4763155,3,acg
9.16E+13,-4.7524905,-5.494693,6.5026517,3,acg
9.16E+13,-4.7500963,-5.48751,6.5337763,3,acg
9.16E+13,-4.7620673,-5.45878,6.4619503,3,acg
9.16E+13,-4.8506527,-5.5377884,6.4882865,3,acg
9.16E+13,-4.771644,-5.568913,6.447585,3,acg
9.16E+13,-4.795586,-5.530606,6.4380083,3,acg
9.16E+13,-4.805163,-5.499481,6.43322,3,acg
9.16E+13,-4.795586,-5.5641246,6.4643445,3,acg
9.16E+13,-4.807557,-5.6239796,6.4787097,3,acg
9.16E+13,-4.7644615,-5.645528,6.445191,3,acg
9.16E+13,-4.783615,-5.5880666,6.481104,3,acg
9.16E+13,-4.8506527,-5.4803276,6.4308257,3,acg
9.16E+13,-4.7884035,-5.5641246,6.4882865,3,acg
9.16E+13,-4.8243165,-5.602432,6.4667387,3,acg
9.16E+13,-4.783615,-5.559336,6.517017,3,acg
9.16E+13,-4.7860093,-5.451597,6.457162,3,acg
9.16E+13,-4.7165775,-5.461174,6.457162,3,acg
9.16E+13,-4.735731,-5.631162,6.5218053,3,acg
9.16E+13,-4.6902413,-5.602432,6.5385647,3,acg
9.16E+13,-4.7046065,-5.5377884,6.5026517,3,acg
9.16E+13,-4.781221,-5.57849,6.4643445,3,acg
9.16E+13,-4.781221,-5.5617304,6.5385647,3,acg
9.16E+13,-4.7381253,-5.6239796,6.4427967,3,acg
9.16E+13,-4.795586,-5.523423,6.4427967,3,acg
9.16E+13,-4.903325,-5.398925,6.543353,3,acg
9.16E+13,-4.831499,-5.695806,6.4308257,3,acg
9.16E+13,-4.7620673,-5.377377,6.64391,3,acg
9.16E+13,-4.9320555,-5.5377884,6.337452,3,acg
9.16E+13,-4.7884035,-5.604826,6.531382,3,acg
9.16E+13,-4.7524905,-5.604826,6.493075,3,acg
9.16E+13,-4.8578353,-5.5856724,6.3685765,3,acg
9.16E+13,-4.771644,-5.602432,6.435614,3,acg
9.16E+13,-4.831499,-5.583278,6.4763155,3,acg
9.16E+13,-4.7644615,-5.5856724,6.483498,3,acg
9.16E+13,-4.781221,-5.523423,6.4882865,3,acg
9.16E+13,-4.8099513,-5.5282116,6.4906807,3,acg
9.16E+13,-4.8362875,-5.533,6.495469,3,acg
9.16E+13,-4.8386817,-5.497087,6.457162,3,acg
9.16E+13,-4.7405195,-5.544971,6.50744,3,acg
9.16E+13,-4.7860093,-5.583278,6.4882865,3,acg
9.16E+13,-4.6902413,-5.5521536,6.528988,3,acg
9.16E+13,-4.7070007,-5.45878,6.5098343,3,acg
9.16E+13,-4.7644615,-5.6359506,6.4906807,3,acg
9.16E+13,-4.6782703,-5.604826,6.4978633,3,acg
9.16E+13,-4.7548847,-5.523423,6.423643,3,acg
9.16E+13,-4.7979803,-5.499481,6.457162,3,acg
9.16E+13,-4.7429137,-5.5617304,6.543353,3,acg
9.16E+13,-4.747702,-5.499481,6.5146227,3,acg
9.16E+13,-4.6950297,-5.5737014,6.483498,3,acg
9.16E+13,-4.7070007,-5.559336,6.528988,3,acg
9.16E+13,-4.84347,-5.533,6.567295,3,acg
9.16E+13,-4.721366,-5.4779334,6.528988,3,acg
9.16E+13,-4.735731,-5.470751,6.5696893,3,acg
9.16E+13,-4.735731,-5.5737014,6.531382,3,acg
9.16E+13,-4.8123455,-5.5018754,6.493075,3,acg
9.16E+13,-4.7907977,-5.5737014,6.4619503,3,acg
9.16E+13,-4.841076,-5.523423,6.5098343,3,acg
9.16E+13,-4.829105,-5.5521536,6.5146227,3,acg
9.16E+13,-4.795586,-5.5377884,6.5265937,3,acg
9.16E+13,-4.781221,-5.5880666,6.519411,3,acg
9.16E+13,-4.8003745,-5.5162406,6.5098343,3,acg
9.16E+13,-4.6902413,-5.5880666,6.457162,3,acg
9.16E+13,-4.7668557,-5.353435,6.4882865,3,acg
9.16E+13,-4.829105,-5.449203,6.5361705,3,acg
9.16E+13,-4.721366,-5.4420204,6.459556,3,acg
9.16E+13,-4.819528,-5.5497594,6.411672,3,acg
9.16E+13,-4.900931,-5.6335564,6.4260373,3,acg
9.16E+13,-4.8626237,-5.6215854,6.4404025,3,acg
9.16E+13,-4.9176903,-5.647922,6.43322,3,acg
9.16E+13,-4.903325,-5.602432,6.3925185,3,acg
9.16E+13,-4.84347,-5.554548,6.4260373,3,acg
9.16E+13,-4.8506527,-5.547365,6.4858923,3,acg
9.16E+13,-4.8482585,-5.6215854,6.4380083,3,acg
9.16E+13,-4.8147397,-5.473145,6.5026517,3,acg
9.16E+13,-4.7165775,-5.4922986,6.4284315,3,acg
9.16E+13,-4.7764325,-5.5377884,6.5936313,3,acg
9.16E+13,-4.7884035,-5.499481,6.6056023,3,acg
9.16E+13,-4.8602295,-5.4539914,6.5481415,3,acg
9.16E+13,-4.7285485,-5.4683566,6.4882865,3,acg
9.16E+13,-4.8865657,-5.511452,6.540959,3,acg
9.16E+13,-4.8722005,-5.566519,6.5098343,3,acg
9.16E+13,-4.8961425,-5.485116,6.517017,3,acg
9.16E+13,-4.915296,-5.592855,6.612785,3,acg
9.17E+13,-4.8602295,-5.60722,6.6175733,3,acg
9.17E+13,-4.8722005,-5.485116,6.327875,3,acg
9.17E+13,-4.960786,-5.377377,6.4404025,3,acg
9.17E+13,-4.9583917,-5.604826,6.8043213,3,acg
9.17E+13,-5.020641,-5.765238,6.95755,3,acg
9.17E+13,-5.035006,-5.9687448,6.9862804,3,acg
9.17E+13,-4.498705,-5.602432,6.71813,3,acg
9.17E+13,-4.4843397,-5.473145,6.715736,3,acg
9.17E+13,-5.0278234,-5.4180784,7.2185183,3,acg
9.17E+13,-5.4683566,-5.5641246,7.5968018,3,acg
9.17E+13,-5.1116204,-5.583278,7.9032598,3,acg
9.17E+13,-4.656722,-5.0900726,7.6734166,3,acg
9.17E+13,-4.9224787,-4.4699745,7.0365586,3,acg
9.17E+13,-5.0038815,-4.0701427,7.1059904,3,acg
9.17E+13,-4.915296,-3.5051112,6.8689647,3,acg
9.17E+13,-4.429273,-3.6607344,7.055712,3,acg
9.17E+13,-4.5441947,-3.86903,7.3645644,3,acg
9.17E+13,-4.462792,-4.000711,7.714118,3,acg
9.17E+13,-3.8115692,-3.4596214,8.14268,3,acg
9.17E+13,-4.2544966,-3.2752678,8.240842,3,acg
9.17E+13,-4.6782703,-3.5218706,8.154651,3,acg
9.17E+13,-4.2066126,-3.6343982,8.793902,3,acg
9.17E+13,-4.0462008,-3.2465374,9.385271,3,acg
9.17E+13,-4.209007,-3.0550013,9.334992,3,acg
9.17E+13,-4.0533834,-3.4476504,8.961497,3,acg
9.17E+13,-3.7612908,-3.6463692,9.021352,3,acg
9.17E+13,-3.1914709,-3.727772,9.866506,3,acg
9.17E+13,-3.5434184,-3.4763808,10.304645,3,acg
9.17E+13,-3.5649664,-3.7301662,9.631873,3,acg
9.17E+13,-3.3734303,-3.1627405,9.830592,3,acg
9.17E+13,-4.2521024,-3.1483753,9.605537,3,acg
9.17E+13,-4.7165775,-3.8857894,9.758766,3,acg
9.17E+13,-5.5760956,-5.1571107,11.042058,3,acg
9.17E+13,-6.3589997,-4.4819455,11.77229,3,acg
9.17E+13,-6.2129536,-3.3566709,11.281479,3,acg
9.17E+13,-7.144298,-4.5274353,10.611102,3,acg
9.17E+13,-7.560889,-4.3981485,9.952697,3,acg
9.17E+13,-5.451597,-2.944868,7.491457,3,acg
9.17E+13,-3.6511576,-3.6487634,6.215348,3,acg
9.17E+13,-2.4732103,-4.187459,7.7213006,3,acg
9.17E+13,0.06464344,-2.645593,8.066066,3,acg
9.17E+13,2.0207062,-1.0702082,8.075643,3,acg
9.17E+13,2.1523874,0.3854665,7.524976,3,acg
9.17E+13,2.731784,1.3623008,6.634333,3,acg
9.17E+13,5.722142,2.731784,5.645528,3,acg
9.17E+13,8.24563,3.7373488,4.9655743,3,acg
9.17E+13,6.3589997,4.417302,3.8714242,3,acg
9.17E+13,7.639898,5.1762643,1.6448165,3,acg
9.17E+13,7.433996,5.056554,0.22505496,3,acg
9.17E+13,5.121197,4.807557,0.04070143,3,acg
9.17E+13,5.731719,5.080496,-1.2473791,3,acg
9.17E+13,6.5337763,6.742072,-1.9297266,3,acg
9.17E+13,5.243302,8.360553,-2.4301147,3,acg
9.17E+13,3.8833952,7.8625584,-2.9376855,3,acg
9.17E+13,5.592855,6.4763155,-3.5577838,3,acg
9.17E+13,7.513005,7.3525934,-2.3750482,3,acg
9.17E+13,6.6391215,7.6973586,-1.7238252,3,acg
9.17E+13,7.1131735,7.9367785,-1.3431472,3,acg
9.17E+13,9.595961,8.863335,-1.8243817,3,acg
9.17E+13,10.809821,9.382876,-2.7389667,3,acg
9.17E+13,10.723629,7.9990277,-1.6950948,3,acg
9.17E+13,15.004462,5.305551,0.2705448,3,acg
9.17E+13,19.639637,3.028665,-0.3854665,3,acg
9.17E+13,15.150508,6.4164605,-0.4189853,3,acg
9.17E+13,10.761936,8.78672,-1.055843,3,acg
9.17E+13,7.6135616,8.815451,-1.1611878,3,acg
9.17E+13,5.08289,6.1626754,0.059855044,3,acg
9.17E+13,4.4603977,4.829105,2.123657,3,acg
9.17E+13,5.449203,4.1252093,3.8833952,3,acg
9.17E+13,6.682217,3.2992098,6.021417,3,acg
9.17E+13,7.2664022,1.7884687,7.45315,3,acg
9.17E+13,7.189788,0.6536171,7.699753,3,acg
9.17E+13,6.4619503,1.1683705,7.843405,3,acg
9.17E+13,6.217742,1.5011644,7.1586633,3,acg
9.17E+13,6.5146227,0.94092125,6.8809357,3,acg
9.17E+13,6.6893997,0.8882488,6.873753,3,acg
9.17E+13,6.897695,1.1994951,7.2352777,3,acg
9.17E+13,6.9264255,1.055843,7.943961,3,acg
9.17E+13,7.0221934,-3.107674,10.481815,3,acg
9.17E+13,5.66947,-7.1155677,11.51611,3,acg
9.17E+13,4.7788267,-2.1763294,9.832987,3,acg
9.17E+13,6.253655,1.2808979,7.8529816,3,acg
9.17E+13,6.2943563,1.4269443,7.61835,3,acg
9.17E+13,6.1890116,1.0342951,7.2711906,3,acg
9.17E+13,6.564901,1.1755531,7.216124,3,acg
9.17E+13,6.754043,1.2952632,7.1107793,3,acg
9.17E+13,6.363788,1.3551182,7.6111674,3,acg
9.17E+13,5.8442464,0.7422025,8.432379,3,acg
9.17E+13,5.8083334,0.770933,8.676587,3,acg
9.17E+13,5.8442464,1.2449849,8.3868885,3,acg
9.17E+13,6.030994,1.7597382,7.704541,3,acg
9.17E+13,6.291962,1.9416976,7.177817,3,acg
9.17E+13,6.327875,1.9009962,7.101202,3,acg
9.17E+13,6.3589997,1.6759412,7.177817,3,acg
9.17E+13,6.2225304,1.7022774,7.4627266,3,acg
9.17E+13,6.0836663,1.8842367,7.5225816,3,acg
9.17E+13,6.0285997,2.1859062,7.560889,3,acg
9.17E+13,6.05733,2.3535004,7.5561004,3,acg
9.17E+13,6.030994,2.3199813,7.642292,3,acg
9.17E+13,5.9807158,2.1571758,7.735666,3,acg
9.17E+13,6.069301,1.9776106,7.6949644,3,acg
9.17E+13,6.042965,1.8411411,7.788338,3,acg
9.17E+13,6.0621185,1.6783354,7.7691846,3,acg
9.17E+13,6.1100025,1.6639702,7.630321,3,acg
9.17E+13,6.10282,1.7501614,7.632715,3,acg
9.17E+13,6.114791,1.7980455,7.587225,3,acg
9.17E+13,6.1100025,1.8028339,7.615956,3,acg
9.17E+13,6.069301,1.8626889,7.6710224,3,acg
9.17E+13,6.05733,1.9057846,7.5561004,3,acg
9.17E+13,6.114791,1.8890251,7.5345526,3,acg
9.17E+13,6.1411276,1.910573,7.6135616,3,acg
9.17E+13,6.05733,2.006341,7.7428484,3,acg
9.17E+13,6.0142345,1.9632454,7.8505874,3,acg
9.17E+13,5.985504,1.9776106,7.773973,3,acg
9.17E+13,5.9639564,1.910573,7.642292,3,acg
9.17E+13,6.0381765,2.0087352,7.6231384,3,acg
9.17E+13,6.045359,1.9752164,7.589619,3,acg
9.17E+13,5.985504,1.970428,7.675811,3,acg
9.17E+13,6.0046577,2.0374656,7.7332716,3,acg
9.17E+13,5.9807158,1.9752164,7.8050976,3,acg
9.17E+13,5.925649,1.8722657,7.7308774,3,acg
9.17E+13,5.961562,1.9416976,7.6614456,3,acg
9.17E+13,6.05733,1.9321208,7.61835,3,acg
9.17E+13,6.007052,1.9416976,7.7667904,3,acg
9.17E+13,5.947197,1.9273324,7.8027034,3,acg
9.17E+13,6.0022635,1.910573,7.860164,3,acg
9.17E+13,5.9639564,1.9201498,7.762002,3,acg
9.17E+13,5.899313,1.9608512,7.7428484,3,acg
9.17E+13,5.932832,1.958457,7.680599,3,acg
9.17E+13,5.9280434,1.9512744,7.680599,3,acg
9.17E+13,5.9878983,1.922544,7.716512,3,acg
9.17E+13,5.9783216,1.8722657,7.699753,3,acg
9.17E+13,5.971139,1.8818425,7.644686,3,acg
9.17E+13,5.920861,1.958457,7.723695,3,acg
9.17E+13,5.9184666,1.9416976,7.716512,3,acg
9.17E+13,5.9687448,1.9393034,7.69257,3,acg
9.17E+13,5.913678,1.9440918,7.704541,3,acg
9.17E+13,5.8921304,1.9416976,7.795521,3,acg
9.17E+13,5.8586116,1.9847932,7.8649526,3,acg
9.17E+13,5.8586116,1.9153614,7.872135,3,acg
9.17E+13,5.853823,2.0254946,7.8410106,3,acg
9.17E+13,5.9064956,1.9536686,7.771579,3,acg
9.17E+13,5.851429,2.0278888,7.7069354,3,acg
9.17E+13,5.8466406,2.0015526,7.773973,3,acg
9.17E+13,5.9926867,1.9273324,7.824251,3,acg
9.17E+13,5.901707,1.8076223,7.85777,3,acg
9.17E+13,5.901707,1.8004397,7.7667904,3,acg
9.17E+13,5.889736,1.8794483,7.797915,3,acg
9.17E+13,5.9041014,1.9416976,7.752425,3,acg
9.17E+13,5.9567738,1.982399,7.824251,3,acg
9.17E+13,5.877765,2.006341,7.8769236,3,acg
9.17E+13,5.923255,2.0254946,7.884106,3,acg
9.17E+13,5.865794,1.9153614,7.845799,3,acg
9.17E+13,5.9064956,1.9249382,7.81228,3,acg
9.17E+13,5.8466406,1.922544,7.6853876,3,acg
9.17E+13,5.925649,1.9488802,7.7811556,3,acg
9.17E+13,6.0046577,1.8914193,7.740454,3,acg
9.17E+13,5.9519854,1.8986019,7.687782,3,acg
9.17E+13,6.0166287,1.9895816,7.6829934,3,acg
9.17E+13,5.90889,2.0494366,7.7428484,3,acg
9.17E+13,5.9064956,2.0446482,7.6375036,3,acg
9.17E+13,5.949591,2.0757728,7.513005,3,acg
9.17E+13,6.054936,2.0829554,7.5824366,3,acg
9.17E+13,6.0405707,1.9680338,7.6734166,3,acg
9.17E+13,5.9448028,1.8507179,7.7811556,3,acg
9.17E+13,5.9448028,1.8148049,7.7691846,3,acg
9.17E+13,5.971139,1.7142484,7.750031,3,acg
9.17E+13,5.985504,1.6112977,7.7907324,3,acg
9.17E+13,6.05733,1.6448165,7.8170686,3,acg
9.17E+13,6.009446,1.7477672,7.848193,3,acg
9.17E+13,6.019023,1.8267759,7.9391727,3,acg
9.17E+13,5.911284,1.9632454,7.81228,3,acg
9.17E+13,5.9998693,2.0829554,7.702147,3,acg
9.17E+13,6.0477533,2.195483,7.5465236,3,acg
9.17E+13,6.1650696,2.2888567,7.48188,3,acg
9.17E+13,6.093243,2.4157495,7.57286,3,acg
9.17E+13,6.081272,2.3511062,7.6734166,3,acg
9.17E+13,6.019023,2.3104045,7.728483,3,acg
9.17E+13,5.9783216,2.3535004,7.7069354,3,acg
9.17E+13,6.042965,2.3750482,7.441179,3,acg
9.17E+13,6.1076083,2.2218192,7.345411,3,acg
9.17E+13,6.191406,2.171541,7.323863,3,acg
9.17E+13,6.265626,1.8267759,7.201759,3,acg
9.17E+13,6.291962,1.8938135,7.156269,3,acg
9.17E+13,6.3182983,1.6711528,7.381324,3,acg
9.17E+13,6.253655,1.4317327,7.7093296,3,acg
9.17E+13,6.2225304,1.1444284,7.723695,3,acg
9.17E+13,6.157887,1.0965444,7.651869,3,acg
9.17E+13,6.169858,1.1659763,7.7691846,3,acg
9.17E+13,6.208165,1.2449849,8.030152,3,acg
9.17E+13,6.1626754,1.352724,7.991845,3,acg
9.17E+13,6.179435,1.6065093,7.6973586,3,acg
9.17E+13,6.2225304,1.9536686,7.3406224,3,acg
9.17E+13,6.2584434,2.1523874,7.2472486,3,acg
9.17E+13,6.244078,2.27928,7.4603324,3,acg
9.17E+13,6.2009826,2.3942018,7.599196,3,acg
9.17E+13,6.10282,2.4013844,7.517793,3,acg
9.17E+13,6.0381765,2.315193,7.371747,3,acg
9.17E+13,6.181829,2.0638018,7.345411,3,acg
9.17E+13,6.253655,1.7286136,7.587225,3,acg
9.17E+13,6.339846,1.4293385,7.6949644,3,acg
9.17E+13,6.2249246,1.4030021,7.57286,3,acg
9.17E+13,6.1411276,1.6543933,7.52737,3,acg
9.17E+13,6.0980315,1.7381904,7.469909,3,acg
9.17E+13,6.0956373,1.8531121,7.57286,3,acg
9.17E+13,6.1387334,1.6400281,7.771579,3,acg
9.17E+13,6.0860605,1.6711528,7.836222,3,acg
9.17E+13,6.145916,1.6017209,7.714118,3,acg
9.17E+13,7.4148426,2.9951463,5.12838,3,acg
9.17E+13,7.405266,2.918532,5.305551,3,acg
9.17E+13,7.8266454,3.1675289,5.185841,3,acg
9.17E+13,8.432379,3.3901896,5.568913,3,acg
9.17E+13,8.714894,3.107674,5.9807158,3,acg
9.17E+13,8.74123,2.8443117,6.3446345,3,acg
t,x,y,z,a,
9.16E+13,-0.34574974,0.1441642,-0.16982053,3,gyro
9.16E+13,-0.43127087,-0.118507855,-0.48380527,3,gyro
9.16E+13,0.1160644,0.1600467,0.23090707,3,gyro
9.16E+13,0.039095376,0.013439035,0.010995574,3,gyro
9.16E+13,-0.02321288,0.006108652,-0.001221731,3,gyro
9.16E+13,-0.008552114,0.004886922,-0.001221731,3,gyro
9.16E+13,-0.007330383,0.009773844,-0.017104227,3,gyro
9.16E+13,0.02443461,0.002443461,0.006108652,3,gyro
9.16E+13,-0.006108652,0.001221731,-0.002443461,3,gyro
9.16E+13,-0.010995574,-0.004886922,0.003665192,3,gyro
9.16E+13,0.003665192,0.007330383,0,3,gyro
9.16E+13,0.012217305,0.003665192,0.004886922,3,gyro
9.16E+13,0.017104227,-0.001221731,0.002443461,3,gyro
9.16E+13,-0.003665192,-0.004886922,0,3,gyro
9.16E+13,-0.02076942,-0.006108652,-0.002443461,3,gyro
9.16E+13,-0.007330383,-0.003665192,-0.004886922,3,gyro
9.16E+13,0.010995574,0.001221731,-0.001221731,3,gyro
9.16E+13,0.004886922,-0.004886922,-0.004886922,3,gyro
9.16E+13,0.001221731,-0.006108652,-0.004886922,3,gyro
9.16E+13,0.009773844,-0.009773844,0,3,gyro
9.16E+13,-0.002443461,-0.014660766,-0.001221731,3,gyro
9.16E+13,-0.007330383,-0.013439035,0.001221731,3,gyro
9.16E+13,0.017104227,-0.013439035,0.007330383,3,gyro
9.16E+13,0.02076942,-0.018325957,0.009773844,3,gyro
9.16E+13,-0.004886922,-0.02443461,0.001221731,3,gyro
9.16E+13,-0.002443461,-0.021991149,0.004886922,3,gyro
9.16E+13,0.006108652,-0.018325957,0.004886922,3,gyro
9.16E+13,-0.012217305,-0.02076942,-0.004886922,3,gyro
9.16E+13,0.010995574,-0.018325957,0.013439035,3,gyro
9.16E+13,-0.001221731,-0.018325957,-0.003665192,3,gyro
9.16E+13,0.002443461,-0.013439035,0.003665192,3,gyro
9.16E+13,0.007330383,-0.004886922,0.002443461,3,gyro
9.16E+13,0.006108652,-0.003665192,0.003665192,3,gyro
9.16E+13,0.004886922,0,0.002443461,3,gyro
9.16E+13,0.009773844,0.004886922,0.002443461,3,gyro
9.16E+13,0,0.004886922,-0.004886922,3,gyro
9.16E+13,0.001221731,0.006108652,-0.001221731,3,gyro
9.16E+13,-0.018325957,0.003665192,-0.009773844,3,gyro
9.16E+13,-0.018325957,0.007330383,-0.010995574,3,gyro
9.16E+13,0.015882496,0.010995574,0.001221731,3,gyro
9.16E+13,-0.010995574,0.006108652,-0.013439035,3,gyro
9.16E+13,-0.014660766,0,-0.003665192,3,gyro
9.16E+13,-0.006108652,-0.002443461,-0.006108652,3,gyro
9.16E+13,-0.014660766,-0.001221731,-0.007330383,3,gyro
9.16E+13,-0.004886922,0.001221731,0,3,gyro
9.16E+13,0,-0.001221731,0.003665192,3,gyro
9.16E+13,-0.013439035,0.001221731,-0.001221731,3,gyro
9.16E+13,0.003665192,0.003665192,0.003665192,3,gyro
9.16E+13,0.008552114,0.004886922,0.002443461,3,gyro
9.16E+13,-0.006108652,0.003665192,0.006108652,3,gyro
9.16E+13,-0.014660766,0.004886922,0.002443461,3,gyro
9.16E+13,-0.013439035,-0.002443461,-0.001221731,3,gyro
9.16E+13,0.008552114,-0.001221731,-0.003665192,3,gyro
9.16E+13,0.013439035,-0.007330383,0.004886922,3,gyro
9.16E+13,-0.002443461,-0.009773844,0.002443461,3,gyro
9.16E+13,0.002443461,0,0.006108652,3,gyro
9.16E+13,0.018325957,0.001221731,0.010995574,3,gyro
9.16E+13,0.003665192,-0.001221731,0.008552114,3,gyro
9.16E+13,0.001221731,0,0.012217305,3,gyro
9.16E+13,-0.006108652,-0.001221731,0.001221731,3,gyro
9.16E+13,-0.009773844,0.003665192,-0.004886922,3,gyro
9.16E+13,0.004886922,0.012217305,-0.006108652,3,gyro
9.16E+13,-0.007330383,0.014660766,-0.012217305,3,gyro
9.16E+13,0.010995574,0.015882496,-0.006108652,3,gyro
9.16E+13,0.009773844,0.019547688,-0.009773844,3,gyro
9.16E+13,-0.006108652,0.014660766,-0.003665192,3,gyro
9.16E+13,-0.003665192,0.010995574,-0.007330383,3,gyro
9.16E+13,-0.002443461,0.010995574,0,3,gyro
9.16E+13,0.010995574,0.007330383,0.002443461,3,gyro
9.16E+13,0.006108652,0.002443461,0.008552114,3,gyro
9.16E+13,0.001221731,0,0.004886922,3,gyro
9.16E+13,0.012217305,0.001221731,0.006108652,3,gyro
9.16E+13,0.019547688,0.006108652,0.004886922,3,gyro
9.16E+13,0.010995574,0.001221731,0.004886922,3,gyro
9.16E+13,0.003665192,-0.001221731,0.002443461,3,gyro
9.16E+13,0.012217305,-0.006108652,0.009773844,3,gyro
9.16E+13,-0.004886922,-0.002443461,0,3,gyro
9.16E+13,-0.008552114,0.003665192,-0.002443461,3,gyro
9.16E+13,0.017104227,0.003665192,0.004886922,3,gyro
9.16E+13,0.004886922,0.006108652,0.009773844,3,gyro
9.16E+13,-0.010995574,0.009773844,0.002443461,3,gyro
9.16E+13,0.008552114,0.02076942,0.007330383,3,gyro
9.16E+13,0.019547688,0.021991149,0.004886922,3,gyro
9.16E+13,-0.001221731,0.021991149,0,3,gyro
9.16E+13,-0.017104227,0.02443461,-0.004886922,3,gyro
9.16E+13,-0.006108652,0.018325957,0.004886922,3,gyro
9.16E+13,-0.014660766,0.015882496,-0.004886922,3,gyro
9.16E+13,-0.010995574,0.018325957,-0.003665192,3,gyro
9.16E+13,0.001221731,0.015882496,-0.002443461,3,gyro
9.16E+13,-0.004886922,0.010995574,-0.006108652,3,gyro
9.16E+13,-0.014660766,0.007330383,-0.004886922,3,gyro
9.16E+13,-0.008552114,0.008552114,-0.006108652,3,gyro
9.16E+13,0.001221731,0.009773844,0,3,gyro
9.16E+13,0.006108652,0.003665192,0.006108652,3,gyro
9.16E+13,0.001221731,0,0.010995574,3,gyro
9.16E+13,-0.013439035,0.003665192,0.004886922,3,gyro
9.16E+13,-0.001221731,0.003665192,0.003665192,3,gyro
9.16E+13,0.019547688,0,0.006108652,3,gyro
9.16E+13,-0.004886922,-0.004886922,0,3,gyro
9.16E+13,-0.017104227,-0.006108652,-0.007330383,3,gyro
9.16E+13,0.009773844,-0.001221731,-0.001221731,3,gyro
9.16E+13,0.013439035,0.001221731,0,3,gyro
9.16E+13,0.003665192,0,0.006108652,3,gyro
9.16E+13,0,0.002443461,0.004886922,3,gyro
9.16E+13,0.002443461,0.007330383,0.006108652,3,gyro
9.16E+13,0.003665192,0.006108652,0.004886922,3,gyro
9.16E+13,0.006108652,0.003665192,0.003665192,3,gyro
9.16E+13,0.002443461,0.02443461,-0.039095376,3,gyro
9.16E+13,0.021991149,-0.014660766,0.014660766,3,gyro
9.16E+13,0.012217305,0.017104227,-0.007330383,3,gyro
9.16E+13,-0.021991149,-0.007330383,-0.002443461,3,gyro
9.16E+13,0.013439035,0,-0.001221731,3,gyro
9.16E+13,0.019547688,-0.004886922,0.002443461,3,gyro
9.16E+13,0.002443461,-0.010995574,0.003665192,3,gyro
9.16E+13,0.013439035,-0.009773844,0.006108652,3,gyro
9.16E+13,0.008552114,-0.010995574,0.007330383,3,gyro
9.16E+13,0.010995574,-0.017104227,0.008552114,3,gyro
9.16E+13,0.017104227,-0.017104227,0.010995574,3,gyro
9.16E+13,0.014660766,-0.015882496,0.009773844,3,gyro
9.16E+13,0.019547688,-0.019547688,0.014660766,3,gyro
9.16E+13,0.010995574,-0.014660766,0.010995574,3,gyro
9.16E+13,-0.002443461,-0.010995574,0.001221731,3,gyro
9.16E+13,0.028099801,-0.014660766,0.007330383,3,gyro
9.16E+13,0.02321288,-0.007330383,0.008552114,3,gyro
9.16E+13,-0.007330383,-0.004886922,0,3,gyro
9.16E+13,0.017104227,-0.009773844,0.008552114,3,gyro
9.16E+13,0.03176499,0.006108652,0.012217305,3,gyro
9.16E+13,0.003665192,0.001221731,0.002443461,3,gyro
9.16E+13,0.012217305,0.003665192,0.006108652,3,gyro
9.16E+13,0.006108652,0.003665192,0.001221731,3,gyro
9.16E+13,-0.001221731,-0.001221731,-0.002443461,3,gyro
9.16E+13,-0.002443461,0.007330383,0.003665192,3,gyro
9.16E+13,-0.006108652,0.008552114,0.003665192,3,gyro
9.16E+13,0.004886922,0.010995574,0.007330383,3,gyro
9.16E+13,-0.008552114,0.007330383,0.001221731,3,gyro
9.16E+13,-0.017104227,0.007330383,0.001221731,3,gyro
9.16E+13,0.004886922,0.014660766,0.003665192,3,gyro
9.16E+13,-0.007330383,0.010995574,0.003665192,3,gyro
9.16E+13,-0.008552114,0.012217305,0.008552114,3,gyro
9.16E+13,-0.001221731,0.009773844,0.010995574,3,gyro
9.16E+13,-0.009773844,0.003665192,0.009773844,3,gyro
9.16E+13,0.001221731,0.004886922,0.014660766,3,gyro
9.16E+13,-0.001221731,0.006108652,0.012217305,3,gyro
9.16E+13,-0.007330383,0.003665192,0.017104227,3,gyro
9.16E+13,0.004886922,0.004886922,0.014660766,3,gyro
9.16E+13,-0.010995574,-0.001221731,0.012217305,3,gyro
9.16E+13,-0.003665192,-0.007330383,0.007330383,3,gyro
9.16E+13,-0.007330383,-0.013439035,0.007330383,3,gyro
9.16E+13,-0.021991149,-0.02443461,0.006108652,3,gyro
9.16E+13,-0.017104227,-0.028099801,0.008552114,3,gyro
9.16E+13,0.003665192,-0.034208454,0.019547688,3,gyro
9.16E+13,0.007330383,-0.04886922,0.02687807,3,gyro
9.16E+13,0.004886922,-0.059864793,0.034208454,3,gyro
9.16E+13,-0.001221731,-0.07086037,0.029321533,3,gyro
9.16E+13,0.010995574,-0.07819075,0.036651913,3,gyro
9.16E+13,0.021991149,-0.089186326,0.040317107,3,gyro
9.16E+13,0.017104227,-0.089186326,0.039095376,3,gyro
9.16E+13,0.029321533,-0.08674286,0.04520403,3,gyro
9.16E+13,0.034208454,-0.08674286,0.039095376,3,gyro
9.16E+13,0.064751714,-0.08552113,0.039095376,3,gyro
9.16E+13,0.096516706,-0.09285152,0.040317107,3,gyro
9.16E+13,0.087964594,-0.10262536,0.036651913,3,gyro
9.16E+13,0.08552113,-0.11728613,0.04153884,3,gyro
9.16E+13,0.089186326,-0.12461651,0.043982297,3,gyro
9.16E+13,0.095294975,-0.14905111,0.04886922,3,gyro
9.17E+13,0.10629055,-0.17715092,0.04886922,3,gyro
9.17E+13,0.19547687,-0.18692477,0.059864793,3,gyro
9.17E+13,0.2125811,-0.20525073,0.06352998,3,gyro
9.17E+13,0.13561209,-0.23090707,0.057421334,3,gyro
9.17E+13,0.18448131,-0.23823744,0.064751714,3,gyro
9.17E+13,0.31642818,-0.24678956,0.07819075,3,gyro
9.17E+13,0.4361578,-0.267559,0.09896017,3,gyro
9.17E+13,0.5326745,-0.22479841,0.1001819,3,gyro
9.17E+13,0.6658431,-0.17837265,0.03176499,3,gyro
9.17E+13,0.8246681,-0.18692477,-0.034208454,3,gyro
9.17E+13,1.001819,-0.25289822,-0.013439035,3,gyro
9.17E+13,1.0396926,-0.25411993,-0.105068825,3,gyro
9.17E+13,1.0836749,-0.19425514,-0.13194689,3,gyro
9.17E+13,1.2669345,-0.18081611,-0.23823744,3,gyro
9.17E+13,1.2547172,-0.20769419,-0.2932153,3,gyro
9.17E+13,0.9981538,-0.23335053,-0.17592919,3,gyro
9.17E+13,0.77946407,-0.25289822,-0.1600467,3,gyro
9.17E+13,0.88331115,-0.25534168,-0.18081611,3,gyro
9.17E+13,1.0262536,-0.28344148,-0.1563815,3,gyro
9.17E+13,0.9627236,-0.30298916,-0.1160644,3,gyro
9.17E+13,0.7806858,-0.3652974,-0.07452556,3,gyro
9.17E+13,0.65484756,-0.4605924,-0.018325957,3,gyro
9.17E+13,0.6462954,-0.54733527,0.001221731,3,gyro
9.17E+13,0.6096435,-0.6743952,0.015882496,3,gyro
9.17E+13,0.44226643,-0.8222246,-0.029321533,3,gyro
9.17E+13,0.30787608,-0.90285885,-0.11728613,3,gyro
9.17E+13,0.4361578,-0.9468411,-0.09285152,3,gyro
9.17E+13,0.54000485,-1.0763446,-0.15393804,3,gyro
9.17E+13,0.64996064,-1.2461652,-0.15515977,3,gyro
9.17E+13,0.70738196,-1.3414601,-0.24190263,3,gyro
9.17E+13,0.5571091,-1.459968,-0.25534168,3,gyro
9.17E+13,0.41783184,-1.6236799,-0.28099802,3,gyro
9.17E+13,0.48991394,-1.8680259,-0.30909783,3,gyro
9.17E+13,0.9969321,-2.1099286,-0.28955013,3,gyro
9.17E+13,1.1826351,-2.4471262,-0.24678956,3,gyro
9.17E+13,0.7819075,-2.9150488,-0.4972443,3,gyro
9.17E+13,0.74036866,-3.3695326,-0.7086037,3,gyro
9.17E+13,1.0775663,-3.7861428,-0.7855727,3,gyro
9.17E+13,1.0042624,-4.053702,-1.0311406,3,gyro
9.17E+13,0.6243043,-3.9816196,-1.2583824,3,gyro
9.17E+13,0.77946407,-3.9009855,-1.4538593,3,gyro
9.17E+13,1.2486086,-3.7152824,-1.6041322,3,gyro
9.17E+13,1.2925909,-3.5417967,-1.6236799,3,gyro
9.17E+13,1.0934488,-3.5161405,-1.7788396,3,gyro
9.17E+13,0.88331115,-3.5063665,-1.9694295,3,gyro
9.17E+13,0.9407325,-3.4074063,-2.0146337,3,gyro
9.17E+13,1.2302825,-3.1984904,-2.2052236,3,gyro
9.17E+13,1.1643091,-3.286455,-2.1245892,3,gyro
9.17E+13,1.1227703,-3.1349604,-2.0427334,3,gyro
9.17E+13,1.0861185,-2.856406,-1.9950858,3,gyro
9.17E+13,1.2363913,-2.8539624,-1.7189748,3,gyro
9.17E+13,1.6835446,-2.7488935,-1.4245378,3,gyro
9.17E+13,1.5760323,-2.565634,-1.3011429,3,gyro
9.17E+13,0.97127575,-2.4190264,-1.047023,3,gyro
9.17E+13,0.058643065,-2.3383923,-0.77946407,3,gyro
9.17E+13,-0.15882497,-2.140472,-0.79045963,3,gyro
9.17E+13,0.13927728,-1.6468927,-0.9114109,3,gyro
9.17E+13,0.05009095,-1.2351695,-0.86742866,3,gyro
9.17E+13,0.059864793,-1.1154399,-0.73426,3,gyro
9.17E+13,-0.53023106,-0.79045963,-0.5534439,3,gyro
9.17E+13,-2.2321017,-0.36285394,-0.40194935,3,gyro
9.17E+13,-3.3573153,-0.2602286,-0.3848451,3,gyro
9.17E+13,-2.7183504,-0.5729916,-0.7098254,3,gyro
9.17E+13,-1.7128662,0.49235737,-0.7086037,3,gyro
9.17E+13,-1.4636332,0.65118235,-0.73426,3,gyro
9.17E+13,-2.7550023,0.8002335,-0.44348818,3,gyro
9.17E+13,-3.9706242,1.0848967,-0.32742378,3,gyro
9.17E+13,-4.6132545,1.0763446,-0.3555236,3,gyro
9.17E+13,-4.813618,1.0726794,-0.047647487,3,gyro
9.17E+13,-4.7171016,1.2498302,0.3042109,3,gyro
9.17E+13,-4.492303,1.2705997,0.5900958,3,gyro
9.17E+13,-3.585779,1.2437216,0.7330383,3,gyro
9.17E+13,-2.607173,1.2461652,0.81489426,3,gyro
9.17E+13,-1.9315559,1.0861185,0.9297369,3,gyro
9.17E+13,-1.0812315,0.94806284,0.9077458,3,gyro
9.17E+13,-0.36896262,0.8503244,0.75869465,3,gyro
9.17E+13,-0.33475417,0.81245077,0.7476991,3,gyro
9.17E+13,-0.8368854,0.7452556,0.79412484,3,gyro
9.17E+13,-1.505172,0.5644395,0.7086037,3,gyro
9.17E+13,-1.7849482,0.3481932,0.05375614,3,gyro
9.17E+13,0.37751472,0.28588495,-0.18692477,3,gyro
9.17E+13,1.4795157,0.057421334,0.19914207,3,gyro
9.17E+13,1.0213667,0.13805555,-0.04153884,3,gyro
9.17E+13,0.56688297,0.17470746,0.014660766,3,gyro
9.17E+13,0.5742133,0.17104226,0.042760566,3,gyro
9.17E+13,0.5412266,0.2968805,-0.04520403,3,gyro
9.17E+13,0.3885103,0.37018433,-0.08552113,3,gyro
9.17E+13,0.3652974,0.27122417,-0.15027285,3,gyro
9.17E+13,0.53023106,0.12705997,-0.18203785,3,gyro
9.17E+13,0.6536258,-0.014660766,-0.1600467,3,gyro
9.17E+13,0.62796944,-0.07086037,-0.1441642,3,gyro
9.17E+13,0.45081854,-0.10873401,-0.12339478,3,gyro
9.17E+13,0.21991149,-0.043982297,-0.1001819,3,gyro
9.17E+13,0.21380283,-0.013439035,-0.10262536,3,gyro
9.17E+13,0.26511553,0.036651913,-0.10140363,3,gyro
9.17E+13,0.36163223,0.061086524,-0.09040806,3,gyro
9.17E+13,0.36651915,0.065973446,-0.0720821,3,gyro
9.17E+13,0.21013765,0.057421334,-0.036651913,3,gyro
9.17E+13,0.13439035,0.056199603,-0.028099801,3,gyro
9.17E+13,-0.007330383,0.04886922,-0.003665192,3,gyro
9.17E+13,-0.1001819,0.02687807,0.013439035,3,gyro
9.17E+13,-0.11728613,0.018325957,0.021991149,3,gyro
9.17E+13,-0.09773844,0.013439035,0.015882496,3,gyro
9.17E+13,-0.036651913,0.015882496,0.002443461,3,gyro
9.17E+13,0.034208454,0.02687807,0.001221731,3,gyro
9.17E+13,0.059864793,0.037873644,-0.014660766,3,gyro
9.17E+13,0.05131268,0.04153884,-0.02565634,3,gyro
9.17E+13,0.0720821,0.05009095,-0.02687807,3,gyro
9.17E+13,0.07819075,0.04520403,-0.032986723,3,gyro
9.17E+13,0.07819075,0.04153884,-0.02321288,3,gyro
9.17E+13,0.057421334,0.043982297,-0.028099801,3,gyro
9.17E+13,0.05009095,0.05375614,-0.02687807,3,gyro
9.17E+13,0.02443461,0.04886922,-0.02565634,3,gyro
9.17E+13,0.007330383,0.028099801,-0.02076942,3,gyro
9.17E+13,0.02443461,0.015882496,-0.003665192,3,gyro
9.17E+13,0.032986723,0.013439035,0.002443461,3,gyro
9.17E+13,0.021991149,0.02321288,-0.001221731,3,gyro
9.17E+13,0.001221731,0.03176499,-0.004886922,3,gyro
9.17E+13,-0.004886922,0.030543262,-0.006108652,3,gyro
9.17E+13,-0.012217305,0.030543262,-0.002443461,3,gyro
9.17E+13,-0.006108652,0.02565634,0.003665192,3,gyro
9.17E+13,0.001221731,0.015882496,0.006108652,3,gyro
9.17E+13,0,0.015882496,0.002443461,3,gyro
9.17E+13,-0.015882496,0.03176499,-0.008552114,3,gyro
9.17E+13,-0.012217305,0.032986723,-0.010995574,3,gyro
9.17E+13,0.001221731,0.02687807,-0.010995574,3,gyro
9.17E+13,0.001221731,0.010995574,-0.006108652,3,gyro
9.17E+13,0.003665192,0.006108652,-0.002443461,3,gyro
9.17E+13,0.004886922,0.014660766,-0.004886922,3,gyro
9.17E+13,-0.001221731,0.019547688,0.001221731,3,gyro
9.17E+13,-0.017104227,0.018325957,0.001221731,3,gyro
9.17E+13,-0.02321288,0.019547688,0,3,gyro
9.17E+13,-0.018325957,0.02076942,0,3,gyro
9.17E+13,-0.008552114,0.030543262,-0.006108652,3,gyro
9.17E+13,0.012217305,0.028099801,-0.006108652,3,gyro
9.17E+13,0.018325957,0.039095376,-0.009773844,3,gyro
9.17E+13,0.015882496,0.042760566,-0.010995574,3,gyro
9.17E+13,-0.004886922,0.040317107,-0.006108652,3,gyro
9.17E+13,-0.019547688,0.040317107,-0.009773844,3,gyro
9.17E+13,-0.014660766,0.030543262,-0.010995574,3,gyro
9.17E+13,0.015882496,0.028099801,0,3,gyro
9.17E+13,0.017104227,0.009773844,0.001221731,3,gyro
9.17E+13,0.006108652,0.007330383,0,3,gyro
9.17E+13,-0.015882496,0.008552114,0.006108652,3,gyro
9.17E+13,-0.047647487,0.002443461,0.003665192,3,gyro
9.17E+13,-0.05009095,-0.003665192,0.003665192,3,gyro
9.17E+13,-0.019547688,-0.010995574,0.006108652,3,gyro
9.17E+13,0.012217305,-0.013439035,0.002443461,3,gyro
9.17E+13,0.036651913,-0.006108652,-0.006108652,3,gyro
9.17E+13,0.043982297,0,-0.008552114,3,gyro
9.17E+13,0.029321533,0,-0.007330383,3,gyro
9.17E+13,0.010995574,-0.013439035,-0.002443461,3,gyro
9.17E+13,0.003665192,-0.02687807,-0.002443461,3,gyro
9.17E+13,0.001221731,-0.02565634,-0.003665192,3,gyro
9.17E+13,0.001221731,-0.028099801,-0.001221731,3,gyro
9.17E+13,-0.006108652,-0.036651913,0.002443461,3,gyro
9.17E+13,0.002443461,-0.047647487,0.006108652,3,gyro
9.17E+13,0.032986723,-0.05009095,0.004886922,3,gyro
9.17E+13,0.06352998,-0.04886922,-0.003665192,3,gyro
9.17E+13,0.08674286,-0.037873644,-0.009773844,3,gyro
9.17E+13,0.087964594,-0.04886922,-0.002443461,3,gyro
9.17E+13,0.043982297,-0.05131268,0.014660766,3,gyro
9.17E+13,0,-0.04886922,0.030543262,3,gyro
9.17E+13,-0.05009095,-0.037873644,0.02321288,3,gyro
9.17E+13,-0.087964594,-0.029321533,0.021991149,3,gyro
9.17E+13,-0.11484267,-0.029321533,0.029321533,3,gyro
9.17E+13,-0.12095132,-0.029321533,0.035430185,3,gyro
9.17E+13,-0.09407325,-0.02565634,0.02687807,3,gyro
9.17E+13,-0.035430185,-0.018325957,0.012217305,3,gyro
9.17E+13,0.030543262,-0.013439035,-0.004886922,3,gyro
9.17E+13,0.09285152,-0.02321288,-0.017104227,3,gyro
9.17E+13,0.1441642,-0.042760566,-0.02443461,3,gyro
9.17E+13,0.16982053,-0.064751714,-0.02321288,3,gyro
9.17E+13,0.18081611,-0.08552113,-0.007330383,3,gyro
9.17E+13,0.16982053,-0.080634214,0.003665192,3,gyro
9.17E+13,0.12339478,-0.064751714,-0.003665192,3,gyro
9.17E+13,0.08307768,-0.06963864,0.013439035,3,gyro
9.17E+13,0.10140363,-0.08552113,0.043982297,3,gyro
9.17E+13,0.12095132,-0.080634214,0.080634214,3,gyro
9.17E+13,0.09040806,-0.09285152,0.111177474,3,gyro
9.17E+13,-0.034208454,-0.111177474,0.14660765,3,gyro
9.17E+13,-0.14538592,-0.10995574,0.14660765,3,gyro
9.17E+13,-0.20158553,-0.08674286,0.13439035,3,gyro
9.17E+13,-0.2724459,-0.04886922,0.12217305,3,gyro
9.17E+13,-0.35308012,-0.02565634,0.111177474,3,gyro
9.17E+13,-0.3408628,-0.010995574,0.08307768,3,gyro
9.17E+13,-0.24801129,0.007330383,0.07574729,3,gyro
9.17E+13,-0.16982053,0.039095376,0.056199603,3,gyro
9.17E+13,-0.10873401,0.06352998,0.03176499,3,gyro
9.17E+13,-0.012217305,0.040317107,0.002443461,3,gyro
9.17E+13,0.0720821,0.028099801,-0.009773844,3,gyro
9.17E+13,0.25289822,0.017104227,-0.036651913,3,gyro
9.17E+13,0.32986724,0.02321288,-0.058643065,3,gyro
9.17E+13,0.29810223,0.02687807,-0.05497787,3,gyro
9.17E+13,0.21868975,0.02565634,-0.04886922,3,gyro
9.17E+13,0.1685988,0.021991149,-0.028099801,3,gyro
9.17E+13,0.111177474,0.014660766,0.002443461,3,gyro
9.17E+13,-0.019547688,0.007330383,0.035430185,3,gyro
9.17E+13,-0.17348573,-0.008552114,0.056199603,3,gyro
9.17E+13,-0.24923302,-0.009773844,0.06352998,3,gyro
9.17E+13,-0.18448131,-0.010995574,0.06719518,3,gyro
9.17E+13,-0.032986723,0.010995574,0.062308256,3,gyro
9.17E+13,0.081855945,0.034208454,0.039095376,3,gyro
9.17E+13,0.089186326,0.056199603,0.019547688,3,gyro
9.17E+13,0.019547688,0.061086524,0.007330383,3,gyro
9.17E+13,-0.032986723,0.04642576,0.007330383,3,gyro
9.17E+13,-0.032986723,0.042760566,0.002443461,3,gyro
9.17E+13,0.010995574,0.040317107,-0.001221731,3,gyro
9.17E+13,0.27122417,-1.0494665,0.2919936,3,gyro
9.17E+13,0.30298916,-1.0225884,0.32620203,3,gyro
9.17E+13,0.38240165,-1.0005972,0.4166101,3,gyro
9.17E+13,0.41783184,-0.95539325,0.5546656,3,gyro
9.17E+13,0.52656585,-0.86620694,0.70371675,3,gyro
9.17E+13,0.7648033,-0.80756384,0.79534656,3,gyro
t,bpm,a,,,
9.16E+13,107,3,hrt,,
9.16E+13,106,3,hrt,,
9.16E+13,104,3,hrt,,
9.16E+13,102,3,hrt,,
9.16E+13,99,3,hrt,,
9.16E+13,95,3,hrt,,
9.16E+13,91,3,hrt,,
9.16E+13,89,3,hrt,,
9.16E+13,89,3,hrt,,
9.16E+13,89,3,hrt,,
9.16E+13,89,3,hrt,,
9.16E+13,89,3,hrt,,
9.16E+13,88,3,hrt,,
9.16E+13,88,3,hrt,,
9.16E+13,88,3,hrt,,
9.16E+13,88,3,hrt,,
9.16E+13,95,3,hrt,,
9.16E+13,95,-1,hrt,,
9.16E+13,95,-1,hrt,,
9.17E+13,97,-1,hrt,,
9.17E+13,97,-1,hrt,,
9.17E+13,97,-1,hrt,,
9.17E+13,97,-1,hrt,,
t,x,y,z,a,
9.16E+13,4.5,-19.14,28.859999,3,mgm
9.16E+13,-12.9,-6.12,10.559999,3,mgm
9.16E+13,-20.939999,0.06,0.35999998,3,mgm
9.16E+13,-30.179998,5.8799996,-9.059999,3,mgm
9.16E+13,-30.179998,5.8199997,-9.12,3,mgm
9.16E+13,-30.48,5.4,-9.9,3,mgm
9.16E+13,-31.26,5.22,-9.42,3,mgm
9.16E+13,-31.38,5.04,-9.78,3,mgm
9.16E+13,-31.619999,4.92,-9.599999,3,mgm
9.16E+13,-31.74,5.2799997,-9.24,3,mgm
9.16E+13,-31.679998,5.4,-9.179999,3,mgm
9.16E+13,-31.08,5.8799996,-9.12,3,mgm
9.16E+13,-31.08,5.7599998,-9.24,3,mgm
9.16E+13,-30.599998,5.7599998,-9.42,3,mgm
9.16E+13,-30.48,5.52,-9.84,3,mgm
9.16E+13,-30.599998,5.46,-9.9,3,mgm
9.16E+13,-30.3,5.64,-10.62,3,mgm
9.16E+13,-29.939999,5.8799996,-10.08,3,mgm
9.16E+13,-29.46,6.18,-9.96,3,mgm
9.16E+13,-29.939999,5.7599998,-10.0199995,3,mgm
9.16E+13,-30.3,5.58,-9.599999,3,mgm
9.16E+13,-30.84,5.4,-9.9,3,mgm
9.16E+13,-31.14,5.3399997,-9.84,3,mgm
9.16E+13,-31.32,5.22,-9.599999,3,mgm
9.16E+13,-30.9,5.46,-9.059999,3,mgm
9.16E+13,-31.32,5.2799997,-9.24,3,mgm
9.16E+13,-31.32,5.04,-8.94,3,mgm
9.16E+13,-30.72,5.46,-8.76,3,mgm
9.16E+13,-31.019999,5.4,-9,3,mgm
9.16E+13,-30.179998,5.7,-9.48,3,mgm
9.16E+13,-30.24,5.7599998,-9.54,3,mgm
9.16E+13,-30.42,5.64,-9.179999,3,mgm
9.16E+13,-30.539999,5.2799997,-9.599999,3,mgm
9.16E+13,-31.56,4.74,-9,3,mgm
9.16E+13,-31.74,4.8599997,-9.179999,3,mgm
9.16E+13,-31.619999,4.8599997,-9.48,3,mgm
9.16E+13,-31.26,5.3399997,-9.48,3,mgm
9.16E+13,-31.019999,5.8199997,-9.599999,3,mgm
9.16E+13,-30.779999,5.58,-9.599999,3,mgm
9.16E+13,-30.599998,5.64,-10.139999,3,mgm
9.16E+13,-30.66,5.64,-9.66,3,mgm
9.16E+13,-30.24,5.46,-9.599999,3,mgm
9.16E+13,-30.48,5.64,-9.42,3,mgm
9.16E+13,-30,5.8799996,-9.3,3,mgm
9.16E+13,-30.24,5.4,-9.3,3,mgm
9.16E+13,-29.88,5.7599998,-9.36,3,mgm
9.16E+13,-29.88,6.18,-9.54,3,mgm
9.16E+13,-30.66,5.94,-9.36,3,mgm
9.16E+13,-31.019999,6,-9.12,3,mgm
9.16E+13,-31.38,5.7599998,-9.54,3,mgm
9.16E+13,-31.74,5.16,-9.36,3,mgm
9.16E+13,-31.439999,5.4,-9.3,3,mgm
9.16E+13,-30.539999,6,-9.66,3,mgm
9.16E+13,-30.539999,6.06,-9.48,3,mgm
9.16E+13,-30.179998,6.24,-9.42,3,mgm
9.16E+13,-30.42,6.2999997,-9.3,3,mgm
9.16E+13,-30.9,5.7,-9.42,3,mgm
9.16E+13,-30.779999,5.8199997,-9.36,3,mgm
9.16E+13,-30.84,5.8799996,-9.599999,3,mgm
9.16E+13,-30.779999,6.2999997,-9.66,3,mgm
9.16E+13,-30.66,6.42,-9.599999,3,mgm
9.16E+13,-30.9,6.06,-9.42,3,mgm
9.16E+13,-30.779999,6.12,-9.179999,3,mgm
9.16E+13,-30.96,5.58,-9.24,3,mgm
9.16E+13,-31.019999,5.8199997,-9.3,3,mgm
9.16E+13,-31.08,5.94,-9.719999,3,mgm
9.16E+13,-31.74,5.22,-10.0199995,3,mgm
9.16E+13,-31.679998,5.4,-9.9,3,mgm
9.16E+13,-31.859999,5.04,-9.78,3,mgm
9.16E+13,-31.74,5.04,-9.78,3,mgm
9.16E+13,-31.56,5.2799997,-9.42,3,mgm
9.16E+13,-31.98,4.8599997,-9.36,3,mgm
9.16E+13,-31.74,4.98,-9.3,3,mgm
9.16E+13,-31.679998,4.98,-9.059999,3,mgm
9.16E+13,-30.779999,5.8799996,-9.059999,3,mgm
9.16E+13,-30.179998,5.8199997,-9.3,3,mgm
9.16E+13,-30.48,6,-9,3,mgm
9.16E+13,-30.3,5.8199997,-9.3,3,mgm
9.16E+13,-30.599998,5.2799997,-9.66,3,mgm
9.16E+13,-31.199999,5.2799997,-9.599999,3,mgm
9.16E+13,-31.08,5.16,-9.96,3,mgm
9.16E+13,-31.679998,5.16,-9.48,3,mgm
9.16E+13,-32.1,5.04,-9.66,3,mgm
9.16E+13,-31.8,5.22,-9.719999,3,mgm
9.16E+13,-31.439999,5.58,-9.66,3,mgm
9.16E+13,-30.84,5.8199997,-9.84,3,mgm
9.16E+13,-31.14,5.7,-9.48,3,mgm
9.16E+13,-30.779999,5.7599998,-9.3,3,mgm
9.16E+13,-31.26,5.46,-9.059999,3,mgm
9.16E+13,-31.74,5.46,-9.12,3,mgm
9.16E+13,-30.72,5.7599998,-9.3,3,mgm
9.16E+13,-30.48,6.24,-9.24,3,mgm
9.16E+13,-30.06,6.24,-9.42,3,mgm
9.16E+13,-29.88,5.8799996,-9.179999,3,mgm
9.16E+13,-29.88,6.42,-8.88,3,mgm
9.16E+13,-30.24,6.06,-8.94,3,mgm
9.16E+13,-30.84,6.18,-9,3,mgm
9.16E+13,-30.84,6.3599997,-9.179999,3,mgm
9.16E+13,-31.14,5.94,-9.42,3,mgm
9.16E+13,-31.019999,5.8199997,-9.78,3,mgm
9.16E+13,-30.48,5.7599998,-9.84,3,mgm
9.16E+13,-30.66,5.8799996,-9.84,3,mgm
9.16E+13,-30.48,5.94,-9.66,3,mgm
9.16E+13,-30.48,6.12,-9.66,3,mgm
9.16E+13,-30.84,6.24,-9.24,3,mgm
9.16E+13,-30.539999,6.2999997,-8.7,3,mgm
9.16E+13,-31.019999,5.7599998,-8.7,3,mgm
9.16E+13,-31.439999,5.22,-9,3,mgm
9.16E+13,-30.9,5.4,-9.3,3,mgm
9.16E+13,-30.779999,5.58,-9.96,3,mgm
9.16E+13,-30.66,5.7599998,-10.0199995,3,mgm
9.16E+13,-30.779999,5.94,-9.66,3,mgm
9.16E+13,-31.199999,5.4,-9.84,3,mgm
9.16E+13,-31.38,4.98,-9.9,3,mgm
9.16E+13,-31.5,5.1,-9.54,3,mgm
9.16E+13,-31.14,5.4,-9.24,3,mgm
9.16E+13,-30.779999,5.7,-8.94,3,mgm
9.16E+13,-30.539999,5.94,-8.4,3,mgm
9.16E+13,-30.06,6,-7.9199996,3,mgm
9.16E+13,-30.3,6.12,-7.9199996,3,mgm
9.16E+13,-30.9,6,-8.099999,3,mgm
9.16E+13,-31.019999,6.18,-7.98,3,mgm
9.16E+13,-31.8,5.94,-9.179999,3,mgm
9.16E+13,-31.679998,5.58,-9.66,3,mgm
9.16E+13,-31.38,5.2799997,-9.96,3,mgm
9.16E+13,-31.679998,5.04,-10.74,3,mgm
9.16E+13,-30.84,5.46,-10.44,3,mgm
9.16E+13,-30.84,5.46,-10.139999,3,mgm
9.16E+13,-30.599998,6.06,-9.9,3,mgm
9.16E+13,-30.599998,6.18,-9.78,3,mgm
9.16E+13,-31.019999,6.06,-9.78,3,mgm
9.16E+13,-30.96,6.48,-9.48,3,mgm
9.16E+13,-30.96,6.2999997,-9.48,3,mgm
9.16E+13,-30.179998,6.6,-9.36,3,mgm
9.16E+13,-29.82,6.42,-9,3,mgm
9.16E+13,-29.46,6.3599997,-9.78,3,mgm
9.16E+13,-29.58,6.3599997,-9.3,3,mgm
9.16E+13,-30.3,5.8199997,-9,3,mgm
9.16E+13,-30.539999,6.06,-9.24,3,mgm
9.16E+13,-30.96,6,-9.059999,3,mgm
9.16E+13,-31.199999,5.64,-9.24,3,mgm
9.16E+13,-31.619999,5.2799997,-9.54,3,mgm
9.16E+13,-31.619999,5.04,-9.719999,3,mgm
9.16E+13,-31.32,4.8599997,-9.36,3,mgm
9.16E+13,-31.019999,4.98,-9.54,3,mgm
9.16E+13,-30.24,5.52,-9.059999,3,mgm
9.16E+13,-30.3,5.64,-8.88,3,mgm
9.16E+13,-30.599998,5.58,-9.179999,3,mgm
9.16E+13,-30.48,5.8199997,-9.3,3,mgm
9.16E+13,-30.539999,5.7599998,-9.54,3,mgm
9.16E+13,-30.06,5.7,-9.54,3,mgm
9.16E+13,-29.939999,5.8199997,-9.599999,3,mgm
9.16E+13,-30.119999,6,-9.48,3,mgm
9.16E+13,-29.82,6.06,-9.599999,3,mgm
9.16E+13,-30.48,5.58,-9.84,3,mgm
9.16E+13,-30.72,5.7,-9.48,3,mgm
9.16E+13,-31.019999,5.64,-9.48,3,mgm
9.16E+13,-31.56,5.58,-9.66,3,mgm
9.16E+13,-31.619999,5.7599998,-9.719999,3,mgm
9.16E+13,-31.32,6.18,-9.9,3,mgm
9.16E+13,-30.96,6.24,-9.66,3,mgm
9.16E+13,-30.84,6.3599997,-9.3,3,mgm
9.16E+13,-30.179998,6.66,-9,3,mgm
9.16E+13,-30.119999,6.18,-8.94,3,mgm
9.16E+13,-29.88,6.06,-9,3,mgm
9.17E+13,-29.34,6.24,-9.3,3,mgm
9.17E+13,-29.4,6.3599997,-9.3,3,mgm
9.17E+13,-29.279999,6.54,-9.059999,3,mgm
9.17E+13,-30.06,6.3599997,-8.94,3,mgm
9.17E+13,-30.599998,5.8799996,-8.94,3,mgm
9.17E+13,-31.08,5.7,-8.94,3,mgm
9.17E+13,-31.8,5.52,-9,3,mgm
9.17E+13,-31.679998,5.46,-8.88,3,mgm
9.17E+13,-32.1,5.64,-9.3,3,mgm
9.17E+13,-32.1,5.7599998,-9.78,3,mgm
9.17E+13,-31.859999,5.8199997,-10.44,3,mgm
9.17E+13,-31.74,5.64,-11.28,3,mgm
9.17E+13,-31.619999,5.4,-10.92,3,mgm
9.17E+13,-31.26,5.04,-10.92,3,mgm
9.17E+13,-31.14,4.56,-10.74,3,mgm
9.17E+13,-31.26,4.02,-11.16,3,mgm
9.17E+13,-31.56,3.48,-11.46,3,mgm
9.17E+13,-31.92,3.12,-11.94,3,mgm
9.17E+13,-32.399998,2.7,-12.24,3,mgm
9.17E+13,-32.46,2.52,-12.48,3,mgm
9.17E+13,-32.16,2.1,-12.84,3,mgm
9.17E+13,-32.46,0.84,-12.84,3,mgm
9.17E+13,-32.82,0.24,-13.139999,3,mgm
9.17E+13,-33.6,-0.48,-12.719999,3,mgm
9.17E+13,-33.78,-0.65999997,-12.48,3,mgm
9.17E+13,-33.899998,0,-12.48,3,mgm
9.17E+13,-34.44,-0.42,-12.179999,3,mgm
9.17E+13,-34.62,-0.65999997,-12.719999,3,mgm
9.17E+13,-35.04,-0.65999997,-12.48,3,mgm
9.17E+13,-36.3,-1.5,-12.12,3,mgm
9.17E+13,-36.6,-1.8,-12,3,mgm
9.17E+13,-36.48,-1.56,-11.219999,3,mgm
9.17E+13,-37.26,-2.28,-10.86,3,mgm
9.17E+13,-37.5,-2.28,-10.32,3,mgm
9.17E+13,-38.399998,-2.3999999,-9.599999,3,mgm
9.17E+13,-39.42,-3.06,-8.34,3,mgm
9.17E+13,-40.26,-3.12,-7.5,3,mgm
9.17E+13,-41.04,-3.6,-6.3599997,3,mgm
9.17E+13,-41.7,-3.9599998,-4.74,3,mgm
9.17E+13,-42.3,-4.08,-3.12,3,mgm
9.17E+13,-42.899998,-4.98,-1.1999999,3,mgm
9.17E+13,-43.62,-5.8799996,0.78,3,mgm
9.17E+13,-43.739998,-6.24,2.82,3,mgm
9.17E+13,-44.64,-7.7999997,4.8599997,3,mgm
9.17E+13,-45,-8.34,7.56,3,mgm
9.17E+13,-44.579998,-9.36,9.48,3,mgm
9.17E+13,-44.46,-10.86,11.28,3,mgm
9.17E+13,-43.8,-11.4,13.139999,3,mgm
9.17E+13,-43.2,-12.78,14.82,3,mgm
9.17E+13,-42.84,-13.38,17.16,3,mgm
9.17E+13,-42.12,-13.559999,18.84,3,mgm
9.17E+13,-41.219997,-14.099999,20.88,3,mgm
9.17E+13,-40.079998,-14.219999,22.14,3,mgm
9.17E+13,-39.059998,-14.7,22.8,3,mgm
9.17E+13,-37.92,-15.24,24,3,mgm
9.17E+13,-37.26,-15.719999,24.359999,3,mgm
9.17E+13,-36.66,-16.199999,25.199999,3,mgm
9.17E+13,-35.7,-16.32,25.92,3,mgm
9.17E+13,-34.62,-16.56,26.519999,3,mgm
9.17E+13,-33.719997,-16.26,26.82,3,mgm
9.17E+13,-33,-16.44,27,3,mgm
9.17E+13,-33.239998,-17.279999,27.18,3,mgm
9.17E+13,-33.42,-18.24,26.939999,3,mgm
9.17E+13,-33.3,-19.74,26.76,3,mgm
9.17E+13,-33.36,-21.06,26.4,3,mgm
9.17E+13,-32.28,-21.9,26.16,3,mgm
9.17E+13,-32.1,-22.98,25.5,3,mgm
9.17E+13,-32.1,-24.06,24.66,3,mgm
9.17E+13,-31.859999,-25.14,23.46,3,mgm
9.17E+13,-32.399998,-26.58,22.08,3,mgm
9.17E+13,-32.399998,-27.779999,20.16,3,mgm
9.17E+13,-32.7,-28.859999,18.24,3,mgm
9.17E+13,-33.54,-29.699999,16.14,3,mgm
9.17E+13,-33.78,-30.06,13.86,3,mgm
9.17E+13,-35.04,-30.48,12.42,3,mgm
9.17E+13,-35.88,-30.119999,11.5199995,3,mgm
9.17E+13,-36.239998,-30.3,10.559999,3,mgm
9.17E+13,-36.96,-30.119999,10.139999,3,mgm
9.17E+13,-37.26,-29.699999,9.24,3,mgm
9.17E+13,-37.44,-29.519999,8.22,3,mgm
9.17E+13,-37.079998,-28.56,7.2599998,3,mgm
9.17E+13,-37.26,-28.5,6.12,3,mgm
9.17E+13,-37.14,-28.199999,5.7599998,3,mgm
9.17E+13,-37.2,-28.14,5.58,3,mgm
9.17E+13,-37.68,-28.619999,6.42,3,mgm
9.17E+13,-37.86,-28.859999,6.2999997,3,mgm
9.17E+13,-37.98,-29.099998,6.54,3,mgm
9.17E+13,-37.92,-29.34,6.6,3,mgm
9.17E+13,-37.86,-29.16,6.3599997,3,mgm
9.17E+13,-37.38,-28.98,7.08,3,mgm
9.17E+13,-37.26,-29.099998,7.5,3,mgm
9.17E+13,-37.079998,-28.859999,7.68,3,mgm
9.17E+13,-37.079998,-28.98,8.099999,3,mgm
9.17E+13,-37.38,-28.74,8.46,3,mgm
9.17E+13,-37.32,-28.56,8.4,3,mgm
9.17E+13,-36.6,-28.56,8.82,3,mgm
9.17E+13,-36.899998,-28.26,8.94,3,mgm
9.17E+13,-36.54,-28.68,9.059999,3,mgm
9.17E+13,-36.66,-28.92,9.24,3,mgm
9.17E+13,-37.44,-29.099998,9.3,3,mgm
9.17E+13,-37.5,-29.58,8.88,3,mgm
9.17E+13,-37.14,-28.92,8.099999,3,mgm
9.17E+13,-37.2,-28.619999,7.8599997,3,mgm
9.17E+13,-37.26,-28.5,7.98,3,mgm
9.17E+13,-37.14,-28.38,7.74,3,mgm
9.17E+13,-37.739998,-28.859999,8.28,3,mgm
9.17E+13,-37.62,-28.92,8.28,3,mgm
9.17E+13,-37.44,-29.16,7.9199996,3,mgm
9.17E+13,-36.899998,-29.279999,7.9199996,3,mgm
9.17E+13,-37.26,-29.64,8.22,3,mgm
9.17E+13,-37.26,-30,7.9199996,3,mgm
9.17E+13,-37.38,-30.06,8.16,3,mgm
9.17E+13,-37.8,-30.06,8.5199995,3,mgm
9.17E+13,-37.26,-29.82,8.16,3,mgm
9.17E+13,-36.899998,-29.46,8.7,3,mgm
9.17E+13,-36.6,-28.98,8.58,3,mgm
9.17E+13,-36.96,-29.34,8.46,3,mgm
9.17E+13,-36.96,-29.46,8.5199995,3,mgm
9.17E+13,-37.2,-29.519999,8.5199995,3,mgm
9.17E+13,-37.2,-29.82,8.34,3,mgm
9.17E+13,-37.02,-29.46,8.34,3,mgm
9.17E+13,-37.079998,-29.279999,8.34,3,mgm
9.17E+13,-36.54,-29.099998,8.099999,3,mgm
9.17E+13,-36.6,-29.22,8.34,3,mgm
9.17E+13,-36.6,-29.16,8.5199995,3,mgm
9.17E+13,-36.239998,-28.859999,8.34,3,mgm
9.17E+13,-36.48,-28.619999,8.34,3,mgm
9.17E+13,-36.3,-28.56,7.8599997,3,mgm
9.17E+13,-35.7,-28.38,7.8599997,3,mgm
9.17E+13,-36.18,-28.859999,7.3799996,3,mgm
9.17E+13,-36.66,-29.4,6.8999996,3,mgm
9.17E+13,-37.32,-29.22,7.2599998,3,mgm
9.17E+13,-37.14,-29.039999,6.96,3,mgm
9.17E+13,-36.6,-28.5,7.3199997,3,mgm
9.17E+13,-36.42,-28.5,7.3799996,3,mgm
9.17E+13,-35.219997,-28.019999,7.3799996,3,mgm
9.17E+13,-35.94,-28.68,7.2599998,3,mgm
9.17E+13,-36.239998,-28.98,7.5,3,mgm
9.17E+13,-36.3,-29.279999,7.2599998,3,mgm
9.17E+13,-37.32,-30.119999,6.7799997,3,mgm
9.17E+13,-37.2,-29.939999,7.02,3,mgm
9.17E+13,-37.14,-30.06,6.96,3,mgm
9.17E+13,-37.32,-29.939999,7.3199997,3,mgm
9.17E+13,-37.079998,-29.939999,7.56,3,mgm
9.17E+13,-37.079998,-30.06,7.62,3,mgm
9.17E+13,-37.26,-30,7.74,3,mgm
9.17E+13,-36.78,-29.64,7.62,3,mgm
9.17E+13,-36.6,-29.279999,7.44,3,mgm
9.17E+13,-36.84,-29.099998,7.62,3,mgm
9.17E+13,-36.719997,-28.859999,7.14,3,mgm
9.17E+13,-36.96,-28.92,7.62,3,mgm
9.17E+13,-37.38,-29.279999,8.099999,3,mgm
9.17E+13,-36.84,-29.279999,7.8599997,3,mgm
9.17E+13,-37.32,-29.76,8.22,3,mgm
9.17E+13,-37.44,-30,8.099999,3,mgm
9.17E+13,-37.68,-30,8.4,3,mgm
9.17E+13,-38.04,-30.119999,8.34,3,mgm
9.17E+13,-37.62,-29.64,8.7,3,mgm
9.17E+13,-37.38,-29.76,8.639999,3,mgm
9.17E+13,-37.14,-29.88,7.8599997,3,mgm
9.17E+13,-37.26,-29.939999,7.8599997,3,mgm
9.17E+13,-37.559998,-30.119999,7.44,3,mgm
9.17E+13,-37.739998,-29.88,7.62,3,mgm
9.17E+13,-37.86,-29.699999,7.9199996,3,mgm
9.17E+13,-37.079998,-29.46,7.14,3,mgm
9.17E+13,-36.48,-29.34,7.3799996,3,mgm
9.17E+13,-36.3,-29.46,7.08,3,mgm
9.17E+13,-35.82,-29.4,7.14,3,mgm
9.17E+13,-36.48,-29.46,7.62,3,mgm
9.17E+13,-36.78,-29.279999,7.7999997,3,mgm
9.17E+13,-36.66,-29.46,8.16,3,mgm
9.17E+13,-37.2,-29.64,8.04,3,mgm
9.17E+13,-36.719997,-29.279999,8.16,3,mgm
9.17E+13,-36.84,-29.46,7.9199996,3,mgm
9.17E+13,-36.78,-29.22,7.9199996,3,mgm
9.17E+13,-36.54,-29.039999,8.04,3,mgm
9.17E+13,-36.78,-29.279999,8.099999,3,mgm
9.17E+13,-36.84,-29.099998,8.4,3,mgm
9.17E+13,-37.2,-28.92,8.4,3,mgm
9.17E+13,-37.26,-29.039999,8.04,3,mgm
9.17E+13,-37.559998,-29.039999,8.04,3,mgm
9.17E+13,-37.739998,-28.98,8.099999,3,mgm
9.17E+13,-38.1,-29.279999,7.74,3,mgm
9.17E+13,-38.16,-29.16,8.5199995,3,mgm
9.17E+13,-38.04,-29.279999,8.88,3,mgm
9.17E+13,-37.62,-29.16,8.7,3,mgm
9.17E+13,-37.32,-28.92,9,3,mgm
9.17E+13,-37.26,-29.099998,8.82,3,mgm
9.17E+13,-37.739998,-29.46,8.76,3,mgm
9.17E+13,-38.28,-30,8.7,3,mgm
9.17E+13,-38.399998,-30,8.639999,3,mgm
9.17E+13,-38.46,-29.82,8.16,3,mgm
9.17E+13,-38.04,-29.519999,8.099999,3,mgm
9.17E+13,-37.98,-29.46,8.16,3,mgm
9.17E+13,-38.219997,-29.76,7.74,3,mgm
9.17E+13,-37.86,-29.64,8.28,3,mgm
9.17E+13,-38.04,-29.4,8.28,3,mgm
9.17E+13,-37.98,-29.34,8.639999,3,mgm
9.17E+13,-37.5,-29.22,9.24,3,mgm
9.17E+13,-38.04,-29.16,9.059999,3,mgm
9.17E+13,-37.92,-29.16,9.12,3,mgm
9.17E+13,-38.34,-29.039999,8.4,3,mgm
9.17E+13,-38.16,-28.92,8.099999,3,mgm
9.17E+13,-35.76,-29.46,15.9,3,mgm
9.17E+13,-35.88,-29.34,16.92,3,mgm
9.17E+13,-35.46,-28.439999,17.699999,3,mgm
